属性グループ名,数
性別,2504
役職,1799
年齢,1240
雇用形態,838
勤続年数,836
入社形態,836
部,828
職種,753
入社時期,658
課,560
本部,435
部署,432
年代,431
等級,416
グループ,387
部門,385
事業部,362
チーム,341
年齢層,327
雇用区分,307
国籍,275
会社名,269
拠点,256
会社,215
勤務区分,214
採用区分,202
全体結果,184
職位,180
所属,178
入社区分,154
入社年度,143
勤務地,142
資格,140
入社年,137
入社年次,135
社員区分,128
クラス,127
従業員区分,127
事業所,103
就業年数,90
グレード,82
階層,82
店舗,78
部署1,77
係,77
部署2,75
役割,74
ユニット,71
エリア,68
社歴,63
勤務形態,57
管理職区分,57
職群,55
所属部門,53
部・室,52
部署3,51
担当,49
室,49
事業本部,49
プロジェクト,48
役職区分,47
職掌,46
支社,45
在籍年数,42
統括部,40
学歴,40
現会社での就業年数,40
入社経路,40
店舗・課,39
等級群,39
支店,38
年次,38
組織2,35
等級・グレード,35
役職2,34
採用形態,33
その他,33
所属会社,33
在籍期間,33
営業所,32
組織4,32
資格等級,31
組織1,31
役職1,29
所属2,29
法人,29
所属1,29
職務,28
組織3,27
採用,27
ブロック,27
入社経緯,26
コース,25
所属3,25
班,25
組織,25
所属部署,24
課・チーム,24
セクション,24
在職年数,24
年齢区分,24
入社歴,24
生年,23
役職名,23
最終学歴,23
分析用,22
Age,22
ランク,22
カンパニー,22
Division,22
就業場所,21
役職・職位,21
内外勤,21
Team,20
事業部・本部,20
Gender,20
課・店舗,20
Position,20
就業形態,20
センター,20
組織5,19
勤務年数,19
事業所名,19
Department,19
職級,18
Grade,18
職掌・資格（職種・等級）,18
工場,18
組織6,18
店,18
本社,18
ジョブグレード,18
役職別,17
入社年数,17
入社会社,17
職務区分,17
外国籍,17
勤続,17
組織7,17
関係会社,16
キャリア,16
勤務場所,16
男女,16
配属,16
第一階層,16
新規属性,16
年齢（10年刻み）,16
テスト,15
入社,15
区分,15
役割等級,15
第二階層,15
組織階層１,15
組織9,14
管轄,14
事業,14
第三階層,14
職能資格,14
Group,14
組織8,14
家族構成,13
出向区分,13
第1階層,13
統合用,13
地区,13
職責,13
組織階層５,13
出向先,13
所属チーム,13
資格級,13
Unit,13
第3階層,13
閲覧範囲パターン,13
店舗名,13
第2階層,13
第4階層,13
職分,13
ステージ,12
退職者フラグ,12
部・支店・G,12
統轄部／部,12
婚姻,12
雇用,12
組織（部）,12
地域,12
所属4,12
年齢層(5歳刻み),12
職名,12
所属する法人,12
採用種別,12
拠点／ユニット／センター,12
通勤時間,12
拠点（事業所）,12
管理職,12
部室,12
年齢層(10歳刻み),12
役職名称,12
世代,12
ディビジョン,11
管掌,11
国籍（地域）,11
現所属,11
入社年次区分,11
年齢（回答時点）,11
分社,11
組織階層２,11
役職(グループ共通),11
評価,11
組織階層７,11
婚姻区分,11
第5階層,11
営業所・課・店舗,11
役職(人事用),11
所属グループ,10
局,10
年齢（5年刻み）,10
役職（個社）,10
所属本部,10
事業部／本部,10
（関）課長傘下のグループ,10
年齢（各社共通）,10
役職（各社共通）,10
雇用形態（各社共通）,10
職種（各社共通）,10
現在の職位,10
在籍会社,10
統括,10
統括本部,10
課・室,10
退職,10
Section,10
支店／統轄部傘下営業部 等,10
出向,10
職制,10
年齢（5歳ごと）,9
オフィス,9
組織（本部・統括部）,9
会社別,9
入社区分別,9
第6階層,9
部店,9
部長（チームで働く力）,9
部門別,9
未既婚,9
Role,9
事業部・部,9
兼務,9
組織（グループ）,9
課・グループ,9
本支店,9
入社種別,9
第7階層,9
所属法人,9
課長（チームで働く力）,9
施設名,9
転勤区分,9
単身赴任者,9
セクター,9
資格（等級）,9
採用区分名称,9
職掌（職種）,9
残業時間,9
事業会社,8
業務,8
バンド,8
社宅入居,8
単身赴任の適用,8
技術研究所グループ,8
Job Title,8
組織区分A,8
身分,8
セグメント,8
所属組織,8
出身,8
働き方,8
職層,8
役員,8
技術研究所,8
事業所課,8
原籍,8
チーム・営業所等,8
担当役員,8
勤務エリア,8
勤続年数（グループ）,8
入社年月日,8
課名,8
部・課,8
職階,8
組織階層４,8
契約形態,8
組織区分B,8
入社日,8
部署名,8
ユニット・支店,8
パフォーマンス,8
ポジション,8
第8階層,8
第9階層,8
資格等級区分,8
領域,8
Title,7
研修,7
支社・本部,7
第10階層,7
グループ・課,7
Hometown,7
Working period in RFV,7
事業部・部署,7
役職グループ,7
事業場,7
採用コース名称,7
本部／統括部,7
BU・センター,7
職能,7
営業部,7
扶養家族,7
グループ名,7
社員区分（役職）,7
University,7
事業所・本社部署,7
組織階層2,7
本籍会社,7
本社・支店,7
資格名,7
子供の有無,7
事業部門,7
仮想組織_2,7
子供,7
店舗別,7
Team change,7
Academic history,7
新卒,7
ライン,7
全社,7
職能等級,7
部署別,7
新組織,7
入社形態別,7
役職②,7
Latest Evaluation,7
Joining channel,7
Nationality,6
所属長,6
Recruitment Type,6
部署　１,6
会社番号,6
所属部,6
入社年月,6
結婚,6
所属１,6
Company,6
転籍・プロパー,6
仮想組織_1,6
本部・事業部,6
入社時の形態,6
Starting Year,6
生年月日,6
Age 5 years,6
マネージャー傘下のグループ,6
部署　２,6
組織階層３,6
Div,6
統括部門,6
事務所,6
満年齢,6
新卒/中途,6
部／室,6
第四階層,6
事業部／統轄部／本社機能部,6
部・室・工場,6
部署　３,6
部・支店,6
課・営業所,6
JPO新潟鉱業所各部,6
生まれ年,6
事業部/部,6
Job Categories,6
Employment Type,6
Assignment,6
支店・課・部,6
事業本部・事業部,6
職種名,6
課・室・オフィス,6
年齢（5歳刻み）,6
JPO新潟鉱業所各グループ,6
年代（５歳ごと）,5
年代（１０歳ごと）,5
部相当格,5
課相当格,5
係相当格,5
所属期間,5
ロール,5
カテゴリー,5
部/室,5
組織階層８,5
所属２,5
営業本部,5
勤務地域,5
レベル,5
グループ・営業所,5
部・課・センター,5
生年月日（１年）,5
本部・センター,5
勤務時間名称,5
ジョイン時期,5
内外勤区分,5
ＢＵ・センタ相当格,5
事業所・部,5
組織階層1,5
部／グルーブ,5
在籍区分,5
短時間勤務,5
部支店,5
年令,5
就業年数(派遣間含む),5
婚姻状況,5
組織_本部,5
組織_その他,5
組織階層3,5
業務形態,5
上長,5
取締役会,5
Location,5
リーダー,5
所属名2,5
部・グループ,5
年齢（10歳刻み）,5
事業所別,5
身分名,5
滞留年数,5
勤務時間,5
所属課,5
組織区分,5
退職予定,5
班相当格,5
配属先,5
勤務地区分,5
階層2,5
役職（統合）,5
課・担当,5
異動,5
組,5
入社方法,5
上司,5
ｸﾞﾙｰﾌﾟ,5
本社・支店・関連会社,5
勤務拠点,5
組織_部室,5
組織_グループ,5
組織_部門,5
生年月日（10年）,5
職務内容（観光バス）,4
役付,4
階層1,4
資格名称,4
部・支社,4
所,4
部名,4
年齢別,4
旧所属,4
Business/L1.5,4
係・拠点,4
仮想組織_3,4
部2,4
学年,4
事業部/本部,4
勤務地限定,4
新規属性①,4
所属滞留年数,4
グループ・担当,4
入庁年度,4
班・課等,4
エリア／課,4
部門3,4
部下の有無,4
所属（部）,4
勤続年数＋採用形態,4
等級（統合）,4
4th組織,4
等級（詳細）,4
部門②,4
現地法人,4
PJ,4
Div.,4
退職フラグ,4
新卒・中途,4
Group/L4,4
回答方法,4
入社属性,4
集計グループ,4
在籍会,4
社員区分・役職・等級,4
部・センター,4
勤続年数（5年刻み）,4
本部・室,4
Organization,4
役付コード,4
定期中間採用区分,4
支店・課,4
支社・支店,4
3rd組織,4
出身会社,4
直属上司,4
所属（統括本部）,4
雇用形態（統合）,4
国籍（統合）,4
組織（統合）,4
Age 10 years,4
所属区分,4
退職者,4
組織階層６,4
課・支店,4
職掌区分,4
部署4,4
Section/L3,4
Team/L5,4
Expatriate,4
所属名3,4
担当・班,4
Dept.,4
仮想組織_4,4
部署・事業所,4
プロダクト,4
所属店舗,4
等級滞留年数,4
会社区分,4
新規属性②,4
官・参事等,4
子の有無,4
部門・チーム,4
所属②,4
部門1,4
部門2,4
採用方法,4
Age 1 year,4
課／グループ,4
園,4
業態,4
組織10：会社,4
センター単位,4
所属事業部,4
階級,4
MG,4
所課,4
部室店,4
経営,4
Department/L2,4
部門名,4
BG／統轄本部,4
物件,4
第五階層,4
雇用形態-２,4
出張所,4
Base,4
Sex,4
所属名1,4
職員区分,4
配偶者の有無,4
所属オフィス,4
グループ・チーム,4
ラベル,4
仕事エリア,4
現場,4
部（一部対象者）,4
Length of service,3
所属部署（部）,3
拠点・ライン,3
原籍会社略称,3
主な職種,3
校舎名,3
現資格滞留年数,3
部門①,3
対象,3
統括・工場・事業部,3
業種,3
勤務期間,3
二段部,3
三段部,3
旧組織,3
技術分野,3
科,3
BU／事業本部／本部,3
所属名4,3
勤務時間帯,3
本部／部／室,3
職掌／役職,3
採用経路,3
部門毎,3
サブグループ,3
所属３,3
身分区分,3
職種区分,3
課2,3
在宅勤務率,3
レイヤー,3
Joined Year,3
組織ポジョン,3
人事制度コース,3
旧チーム,3
ステータス,3
社名,3
役職２,3
部長,3
呼称,3
会社（法人）,3
属性21年代１,3
事業部相当格,3
組織_技術研究所,3
係（店舗）,3
組織名称,3
本社・支社,3
作業所,3
課支社・SC・室・G,3
部支店長／ライン長／非ライン長,3
新卒／中途・その他,3
小学生以下の子供の有無,3
2nd組織,3
原籍会社,3
就業先,3
入社月,3
G・課（一部対象者）,3
入社タイプ,3
部・ブロック,3
5th組織,3
級職,3
エリア・課,3
出身地,3
勤務会社,3
勤務エリア略称,3
新入社員,3
階層3,3
階層4,3
配偶者有無,3
資格等級名,3
所属プロジェクト,3
役職等,3
部門・部,3
課所・グループ,3
課等,3
組織階層4,3
グレード・等級,3
Years of Service,3
一段部,3
社員種別,3
ブロック／部／課,3
拠点・部署,3
部／関係会社,3
ライン／スタッフ,3
勤務体系,3
施設,3
部1,3
調査用勤続年数,3
採用職種,3
採用年（１年）,3
待遇,3
国籍(帰属意識の強い),3
人事評価,3
下位組織２,3
事業部／センター,3
組織の人数規模,3
入社年（10年単位）,3
1st組織,3
部局,3
管理職研修,3
社員資格,3
本部/室,3
全体,3
所属①,3
役職（KMBは下段）,3
G,3
MM職,3
担当顧客,3
勤務先,3
組織レイヤー５,3
組織レイヤー６,3
組織階層5,3
ジョブチャレンジ経験,3
出向元会社,3
メールアドレス登録,3
役割区分,3
就業区分,3
旧役職,3
籍,3
組織レイヤー1,3
室・センター,3
店舗等,3
部③,3
勤務種別,3
所属5,3
職名称,3
新卒区分,3
人財本部,3
室・部,3
Grp.,3
社員分類,3
前回比較用,3
異動有無,3
部署（本部）,3
本社・事業所,3
製品区分,3
担当業務,3
経験,3
部・Ｇ,3
ブランド毎,3
資格区分,3
事業部長（チームで働く力）,3
本社グループ,3
家族形態,3
マネジメント,3
所属企業,3
部門・セクション,3
ID,3
支所,3
部②,3
フラグ,3
営業所・課,3
入社後経過年数,3
属性24勤続年数２,3
勤続年数（1年刻み）,3
ライン長区分,3
格付,3
事業所区分,3
所属（本部）,3
勤続年数（10年刻み）,3
粟田テストグループ,3
原籍・職種,3
新役職,3
部門4,3
採用地,3
備考,3
リーダー候補,3
仕事内容,3
事務取扱・兼務,3
部署②,3
東京本社,3
所属部署（本部）,3
職位略称,3
ロケーション,3
年齢（年代）,3
年代別,3
業務内容,3
ブランド,3
国,3
役職・資格,3
在籍,3
PJT,3
所属分類,3
退職区分,3
職場,3
所属名5,3
本社・支社・事業部,3
現部署滞留,3
国内外,3
役職有無,3
担当店/グループ,3
分類,3
役割（地域別）,3
階層毎,3
採用年度,3
性別名,3
役職(詳細),3
グループ等,3
所属コード,3
役職層,3
駐在,3
営業区分,3
職種名称,3
時短勤務,3
就業エリア,3
比較用,3
本部・支店,3
雇用形態・入社形態,3
大部門,3
属性22年代２,3
属性23勤続年数１,3
属性25現資格滞留年数,3
組織_技術研究所グループ,3
単身赴任,3
店舗・部署,3
下位組織３,3
組織_出向先,3
年齢（1年刻み）,3
サービス・調理,3
部特性チャネル・保険金種目,3
課特性チャネル・保険金種目,3
東名阪／東名阪以外,3
人事考課,3
部門（組織階層1）,3
組織60：代表課,3
管理,3
属性,3
係・Ｇ・事務局,3
室名,3
採用年（10年）,3
事務・技術,3
誕生年,3
室/BU/事業部,3
統括部/センター/工場,3
採用コース（統合）,3
職種②,3
居所,3
業務区分,3
店・チーム,3
チーム・部,2
組織区分C,2
部門／店舗,2
Lv2,2
所属課・係,2
チーム２,2
所属（事業部）,2
所属（セクション）,2
兼務関連,2
既婚・未婚,2
マネージャー,2
所属支店,2
年齢（5年単位）,2
チーム・業務,2
職種加給,2
プロパー・キャリア,2
部門・本部,2
入行年度,2
駐在員/ローカルスタッフ,2
リージョン,2
現店舗の在籍期間,2
性別(2017.12),2
入社時期別,2
ダミー,2
店舗・担当,2
異動履歴,2
第七階層,2
24リクルーター,2
総括部門１,2
総括部門２,2
役職（2023.12実施）,2
リーダーフラグ,2
勤務年数（単年ごと）,2
血液型,2
職域,2
グループ別,2
資格ー役職,2
部（少し細かく）,2
兄弟構成,2
チーム・グループ,2
社員番号,2
新卒年次,2
役職（退職者含む）,2
Group / Department,2
雇用形態・役職,2
所属１（勤務地）,2
所属２（カンパニー等）,2
項目３,2
項目５,2
考課,2
社員Ⅰ・Ⅱ,2
調査用職種グループ,2
統轄部,2
担当エリア,2
研修参加者,2
本社機材センター,2
支店機材センター,2
職種（退職者含む）,2
入社タイミング,2
形態,2
所属部署１,2
部署（課・配下の室）,2
上席,2
部門属性,2
事業所名称,2
アカウント名,2
ビジネスユニット,2
賃金等級,2
新部,2
新Gr.,2
一次評価者,2
Education degree,2
Joining year,2
役職・等級,2
項目１０,2
グループ２,2
合併会社区分,2
会社名称,2
事業会社①,2
BUセンター格②,2
組織_鉱場課,2
子,2
新卒入社,2
チーム＆部,2
BU・センター①,2
残業時間（月平均）,2
階層区分,2
役職位,2
異動者,2
退職有無,2
総本部,2
本部／地区本部・調査事務所,2
採用年月日（10年）,2
組織_鉱場・作業場,2
法人 階層,2
ＷＫＳでの就業年数,2
休職,2
勤務形態区分,2
グループ内チーム,2
中_テスト,2
職能（等級）,2
室(支店),2
等級名称,2
分析用属性②,2
56期自己申告,2
係・出張所・事務所・駐在,2
所属地域,2
B01業態名称,2
Team2,2
全体結果（社長除く）,2
企業,2
マネジメントライン,2
入社からの経過年,2
職種経過年,2
役職経過年,2
出向元,2
ＢＵ・センタ相当格１,2
部相当格２,2
Gr,2
性別(2017.09),2
管理監督者区分,2
会社（出向先含む）,2
現在従事している職種,2
現在就業してる法人,2
所属滞留年月(改),2
疎通確認用属性グループ1,2
事業所部署,2
入庁形態,2
チームコード,2
担当リーダー,2
部・店,2
追加設問属性,2
営業本部・部,2
事業区分,2
ｼﾆｱｸﾞﾙｰﾌﾟ統括部,2
グループ統括部,2
楽天での採用区分,2
楽天での格付,2
所属（グループ）,2
歴史（入社タイミング）,2
課/グループ,2
役員テリトリー,2
部（組織階層2）,2
勤続年,2
ワイド・エリア・その他,2
役職分類,2
入行形態,2
delete,2
部門・ユニット,2
主管PJ,2
組織レイヤー４,2
統括部（支社、室等）,2
ジェンダー,2
第五階層（従業員番号）,2
課・グループ・室,2
仮想組織_5,2
組織階層,2
事業体,2
業種名,2
部署滞留年数,2
組織階層6,2
事業部・部・室,2
性別（2017.12）,2
部（2017.12）,2
Dept,2
全体結果(退職者除く),2
Business Unit,2
部署①,2
22メンター,2
リーダー昇格時期,2
部・営業所,2
準支店,2
年齢（1年刻み）（2023.12実施）,2
職層区分,2
勤務年数（5年ごと）,2
HDSJ兼務区分,2
所属・役職,2
社員ステータス,2
役職（詳細）,2
Level,2
事業・部門,2
クロス,2
階層別,2
雇用形態（身分）,2
所属４（基本単位）,2
所属５（所属名称略称等）,2
転勤,2
課1,2
リセット,2
DSI,2
追加設問,2
役職（まとめ）,2
支店機材センターグループ,2
事務局ラベル,2
チーム（退職者含む）,2
部（室）,2
年齢（2019．6時点）,2
在籍（2019．6時点）,2
所属部署２,2
所属部署３,2
所属建屋・拠点,2
課レベル,2
担当部門,2
分室,2
グループ付,2
社長補佐,2
直属の上長,2
給与（年収）,2
タイプ,2
ミッション型組織,2
時間外労働時間,2
所属組織（課）,2
所属名称,2
雇用形態-2,2
研修参加,2
新体制,2
係／事務所,2
部・部に準ずる組織,2
業務グループ,2
階層（役職）,2
ブロック・部署,2
項目８,2
肩書,2
結節点,2
下位組織１,2
既婚/未婚,2
23リクルーター,2
部署異動,2
年齢(5歳刻み),2
研修用,2
室/グループ,2
課・室・グループ,2
場所,2
所属チーム・ゾーン,2
"人事部
統計用
年次",2
コース区分,2
部①,2
Ev_S,2
部門（中）,2
等級別,2
所属（GR）,2
分析用2,2
本部部室・地区本部,2
部署（組織階層2）,2
所属統括部,2
RCAでの就業開始時期,2
入社(転籍前含む）,2
入社形態 性別,2
ＡＴＭＪーＧ入社年数,2
委員会,2
仕事タイプ,2
性別+年齢,2
（MCE）チーム,2
異動情報,2
その他属性,2
グループ・課・事業所,2
ブース,2
分析用属性①,2
所属⑤,2
カンパニー・室,2
部・課（事業所）,2
所属事業所,2
B01従業員区分名称,2
B01役付職区分名称,2
店・課・担当,2
日本語,2
軌道事務所,2
店舗形態,2
営業形態,2
労働組合,2
縦割,2
Years of service,2
他事務所勤続経験,2
年代・性別,2
現グループの配属歴,2
支店集計,2
室／営業部,2
所属組織（階層３）,2
組織（担当）,2
建屋,2
部相当格１,2
課相当格１,2
部門・エリア,2
職種大別,2
職位(2017.09),2
課長,2
ロール1,2
地区本部・調査事務所,2
Education,2
二段組織,2
四段組織,2
入団年,2
前職,2
新卒／新卒以外,2
地域_属性一覧,2
雇用体系,2
所属ー課,2
事業部・事業室・営業部,2
室・本部,2
課・営業所・事業所,2
茂原,2
部署内チーム,2
企業ID,2
等級・役職,2
Lv3,2
楽天での役職,2
楽天での雇用形態,2
追加属性,2
地区本部,2
組織40：エリア,2
所属企業と就業場所,2
職務権限,2
行員区分,2
SVエリア,2
入社区分ー性別,2
勤務状況等,2
拠点／グループ,2
入社ルート,2
センター・部,2
仮想組織_1911,2
役職（評価者）,2
その他組み分け４,2
所属組織（部）,2
支店・営業所,2
部門・工場・支店,2
社員区分（退職者含む）,2
Working Location,2
資格滞留年数,2
第六階層,2
従業員呼称区分略称,2
全体2,2
役職・雇用形態,2
所属院,2
所属拠点,2
拠点別,2
所・オフィス・チーム,2
異動希望,2
部(2018.01),2
雇用形態別,2
Job,2
Generation,2
組織第一階層,2
組織第二階層,2
人事区分,2
部店分類詳細,2
職員・以外,2
簡易区分,2
部店長フラグ,2
職員役職グレード,2
出向受,2
グループF,2
勤続期間,2
Employment,2
本部・統括部,2
部など,2
所属部署（課）,2
Lv5,2
通算勤続年数,2
年齢（詳細）,2
項目２,2
項目４,2
項目６,2
職種（スキルマップ）,2
事業部名,2
部/課,2
閲覧権限,2
役職ライン,2
本社所属,2
支店グループ,2
本社機材センター部署,2
本社機材センターグループ,2
チーム単位,2
既婚／未婚,2
取組みグループ,2
選択コース,2
工場長付,2
系列,2
管理監督者,2
資格（シキボウ）,2
現等級の滞留年,2
評価結果,2
現担当業務経験年数,2
グループリーダー,2
TYPE,2
部門長ｸﾗｽ,2
部・工場,2
担当職務稼働期間,2
年数,2
課格,2
係格,2
Employment status,2
21メンター,2
組織名,2
層別資格区分・等級,2
部/グループ,2
出向有無,2
課・チーム等,2
集計用,2
新卒／中途,2
経験年数,2
旧AS職,2
組織50：支店等,2
組織70：課,2
都市開発での就業年数,2
室/課,2
サービス,2
BU・センター②,2
補職,2
在職期間,2
職種詳細,2
集計区分,2
部門（大）,2
管理本部,2
1st line,2
採用ルート,2
Job Grade,2
入社時期（5年刻み）,2
行動タイプ,2
標準年齢,2
部署③,2
組織滞留年数,2
入社期間,2
インターン歴含む社歴,2
路線,2
nakazaki,2
IP&PF（旧MSC Tech抜き）,2
所属④,2
57期異動,2
担当・店舗,2
事業開発部,2
室又は課,2
B01職員区分名称,2
B01職級名称,2
B01出身部門名称,2
A01性別名称,2
本社部門,2
部門（小）兼務以外,2
課／担当室／本部／営業課／営業所／支店／センター,2
課／センター／営業部／チーム,2
子会社,2
評価者,2
店舗・チーム,2
所属状況,2
係相当格１,2
部・室・支社,2
課・室・他,2
所属(店舗・部署),2
管理者,2
ロール2,2
兼務状況,2
在職者,2
組織（課）,2
一段組織,2
企業滞留年月(改),2
原籍会社名称,2
原籍会社滞留年月(改),2
資格滞留年月(改),2
会社（事業部）,2
本部名,2
係名,2
幹部一般,2
所属ー本部,2
所属ー部,2
追加3,2
適用人事制度,2
グループ・室・局,2
勤続年数・入社年月,2
Lv4,2
楽天での勤続年数,2
社員,2
職場環境,2
表彰歴,2
採用体制変更,2
チーム/係,2
tesutoyou,2
MCE中途オンボーディング用,2
生活環境,2
年収,2
元籍,2
年齢(57歳判別用),2
本部・営業店,2
役割群,2
役職名（詳細）,2
組織レイヤー２,2
組織レイヤー３,2
グループ／ブロック,2
部（支店、室等）,2
課（室）,2
満勤続年数,2
所属ユニット,2
職位等,2
領域（自己申告）,2
工事部,2
勤続年数別,2
都道府県,2
SPからの出向,2
グループセキュリティ統括室,2
所属名6,2
人財共育部,2
チーム名,2
主な勤務地,2
時差・時短勤務,2
新規追加,2
性別(2018.01),2
部所,2
エリア・課・チーム,2
エリア・チーム,2
第一言語,2
その他②,2
異動経験,2
課・センター,2
本社・本部・支社,2
コース（2023.12実施）,2
職階（2023.12実施）,2
事務局,2
課支社分類詳細,2
役員フラグ,2
出向出,2
職系,2
職種2,2
店舗など,2
運営本部,2
店舗・部署毎,2
項目１,2
項目７,2
部3,2
運営本部(組織長除く),2
生まれ年度,2
調査用職種,2
部長(チームで働く力),2
課長(チームで働く力),2
直接・間接区分,2
支店出張所,2
直轄,2
部門（部・室）,2
部長付,2
社長付,2
部付,2
部・支局,2
事業領域,2
在宅勤務,2
開発組織,2
新課,2
役職(統合),2
部／工場／営業所,2
年齢（統合）,2
所属部署Ｂ,2
所属部署Ｃ,2
部署・チーム,2
ユニット名,2
項目９,2
部署（2021年11月-）,2
新任,2
上司設定,2
組織長区分,2
職務等級,2
BUセンター格①,2
部格①,2
事業会社②,2
部格②,2
職位等級,2
配偶者,2
管理番号,2
事業部・支社,2
今年度月平均残業時間,2
グループ＆室,2
アソシエイト分類,2
アソシエイト区分,2
作業場所,2
昇格,2
グループ／ユニット,2
再集計,2
職種別,2
勤務地等(組織階層3),2
事業部・営業所,2
2nd line,2
チーム・支局,2
担当職務,2
採用区分２,2
Year of service,2
役職・階層,2
Business Segment,2
ﾋﾞﾙ施設運営部4,2
系統,2
現在の社員区分,2
新チーム,2
事業部(部・支社),2
店舗名_,2
none,2
転勤経験,2
海外勤務経験,2
所属③,2
所属⑥,2
採用年,2
ｾｸﾞﾒﾝﾄ,2
年齢帯,2
A04最終学歴_学歴六分類名称,2
旧社区分,2
役職まとめ,2
職等名,2
全社共通パルス,2
所属組織（階層１）,2
所属組織（階層２）,2
旧社員区分,2
性別区分,2
居所事業所,2
追加設問用属性,2
チーム・課,2
疎通確認用属性グループ2,2
疎通確認用属性グループ3,2
採用年月日（１年）,2
会社（雇用元）,2
三段組織,2
旧会社,2
再集計用,2
管掌役員,2
旧職種,2
学齢,2
ロール3,2
学歴区分,2
事業室,2
人事コース,2
出所,2
ユニット・子会社,1
部・室・支店,1
残業時間の自覚,1
部門-2,1
CS本部,1
資格・等級,1
事務,1
特区,1
所属事業本部・事業部,1
BF ※本社以外：所属の社名をご選択ください,1
AWS資格取得,1
浅草橋ヒューリックホール&カンファレンス,1
メンターチーム,1
生産性企画に関わっている,1
L3_Section,1
部署階層4,1
子どもの年齢(下の子の年齢),1
当期異動希望,1
3期前貢献評価,1
コンピテンシー評価,1
係/チーム,1
役職/職種/職務系統,1
言語,1
その他組み分け１,1
教室,1
組織20：本部,1
採用形態＋勤続年数,1
出張所③・作業所②,1
新組織：課（2022/05）,1
新組織：本部（2022/05）,1
勤続年数（従業員になってからの年数）,1
責任等級,1
【入社時】IT：SPI：内省性,1
【入社時】IT：SPI：自責性,1
【入社時】IT：SPI：独自性,1
【入社時】IT：SPI：自信性,1
性別_,1
部①_,1
制度の利用,1
入社年度（5年刻み）,1
階層３,1
正部長,1
(LV4)事業所･支社･営業部･統括部･事業部,1
ＬＶ９,1
派遣,1
直近の行動評価,1
在職区分,1
マネージャーグループ④,1
評価２,1
表彰,1
子情報,1
本部（組織階層1）,1
部署(小),1
係(使用不可),1
工場作業,1
D1,1
青オペ,1
新組織(202405~),1
属性詳細,1
中部,1
部署-第三階層,1
部署-第五階層,1
部署-第六階層,1
退職分析,1
組織（階層2）,1
組織（階層3）,1
営業フラグ,1
DIP派遣,1
メンバー分け,1
会社【2024年4月サーベイ実施時】,1
部【2024年4月サーベイ実施時】,1
グループ【2024年4月サーベイ実施時】,1
補）役割,1
サンプル-係,1
グループ【2024年11月サーベイ実施時】,1
Brach office,1
Hereditary occupational group,1
Results of the last evaluationDelete,1
新卒2年目,1
鉄道事業本部・担当④,1
鉄道事業本部・担当⑤,1
新入社員区分,1
Seniority (Length of working),1
Results of the last evaluation,1
対象業務,1
勤務日数,1
Group（上長）,1
エリア（本部勤務者は該当なしを選択）,1
担当ＣＦ・支店,1
仮想組織_1907,1
直近査定,1
役職(2018.02),1
勤続年数(2018.02),1
職種(2018.02),1
年代（2017.12）,1
ユニット（2018.01）,1
職位（2018.01）,1
本部非該当,1
等級その他,1
エリア／部,1
Year of employment,1
div,1
持株会_株式保有有無,1
※FS用属性,1
室・課・支社・グループ・チーム,1
入社時期　※Craft Eggへの入社,1
部署(部長含む),1
部署(部長除く),1
部署(職種別),1
旧）部門,1
旧）ユニット,1
課・チーム・グループ(退職者除く),1
プロジェクト1（複数ある方は複数回答お願いします）,1
プロジェクト4（複数ある方は複数回答お願いします）,1
プロジェクト8（複数ある方は複数回答お願いします）,1
TM向け研修コース,1
今年度正社員登用者,1
店長担当,1
組織／小分類（退職者除く）,1
MBO,1
年収レンジ,1
課・支社・グループ,1
学歴（偏差値）,1
Service years,1
過去組織2,1
その他組み分け７,1
事業グループ,1
セクション・ユニット,1
店舗（階層2）,1
ポッケ事業部プロジェクト名,1
コース別,1
早出残業時間,1
サクセッション候補,1
研究所,1
プロ,1
アマチュア,1
プロダクトボード,1
サークル利用有無,1
キャリちゃれプレゼン有無,1
ジョブちぇん有無,1
プレチェン有無,1
理念使用_拠点ﾌﾗｸﾞ,1
キャリアグループ,1
職位レベル,1
回答対象者,1
グループ（マネジャーを除く）,1
比較用データ,1
生産本部本社,1
TOP入社（出向開始）時期,1
課長発令年数,1
室（階層上位）,1
本社/事業所,1
所属事業本部,1
資格（詳細）,1
属性別サマリ追加集計用,1
資格給,1
部署・拠点,1
役割・属性,1
職域能力ランク,1
部署・事業部,1
現在組織3,1
ジクシスにおける職位,1
社員別,1
部 / センター,1
年齢・性別,1
保有資格,1
貢献度評価,1
ファンクション,1
在籍企業,1
プロジェクト２,1
プロジェクト３,1
プロジェクト事務所,1
部署名②,1
SES・業務内容,1
本・事業部,1
グループ兼任者用,1
特定対象者,1
技術担当・プロジェクト,1
現職場の経験年数,1
他社での就業経験,1
労働時間制,1
アドレス設定,1
その他組み分け６,1
ロールモデル交流会参加者,1
FLEXY_M2,1
組織55：工事部等,1
チーム（22年4月組織変更後）,1
ＢＵ,1
役職区分②,1
上場前後,1
営業所・チーム,1
支社支店区分,1
2022年入社月,1
箇所内詳細（１）,1
現職名,1
現等級名,1
役割級,1
部署名５,1
本体・出向,1
組織上の役職・役割,1
58期異動,1
分析軸A',1
手帳の有無,1
所属6,1
残業頻度,1
店舗内役割（追設用）,1
地域区分,1
規定区分,1
労働時間区分（派遣社員除く）,1
グループ商品戦略本部,1
スーパーストア事業統括室,1
健康保険組合・企業年金基金,1
課相当格(直属),1
年齢（1歳刻み）,1
チーム（エリア）,1
部活動,1
ユニット・部門,1
役職（主務）,1
宗教,1
オフィス運営への関与,1
勤務都道府県,1
年代（202410更新）,1
部（課）,1
部/室/所,1
テスト２,1
組織（ユニット）,1
その他チーム2,1
部・室（一部対象者）,1
出生年度,1
会社(組織長除く),1
課(組織長除く),1
チーム(組織長除く),1
人事制度,1
営業所/グループ,1
補職名称,1
本社支社,1
部門類別,1
Group/Site,1
機能別,1
全体結果(22新卒除く),1
旧属性,1
本部長・支店長等,1
前回時役職,1
事業部長,1
基本役割等級,1
勤務タイプ,1
管理区分,1
勤続年数（休職控除）,1
JR歴,1
情ソリュシフト分析2(詳細),1
社（組織階層１）,1
支社・本部（副）,1
箇所名称,1
カンパニー・事業本部,1
基幹職・非基幹職群,1
首長か否か,1
上司CD_課長,1
年齢分類,1
社員入社時期,1
2023年4月部門,1
監査役,1
Tribe,1
活躍,1
本部（退職者含む）,1
既存／新任,1
役職経験年数,1
SC対象者,1
社外越境,1
駐在員・非駐在員,1
部・本支店・室,1
レベル１,1
S1/CURRY,1
S2/R&D,1
S2/What if,1
S1/SCONE,1
S2/Reticulum,1
離職アラートC,1
単位組織,1
バーチャル組織（防災市場技術課　B係）,1
สถาบันใช้สมัครงาน / Institution for job,1
วุฒิการศึกษาสูงสุด / Highest level of education,1
มีบุตรกี่คน / How many children do you have?,1
เพศของบุตรคนที่ 1 / Gender of 1st child,1
UIチーム,1
コードマン,1
本部(前期の所属本部),1
チーム（課）,1
部門レベル,1
所属している課・グループ,1
所属/職種,1
ES,1
ESI,1
こども,1
部 等,1
課・グループ 等,1
新卒／キャリア,1
Lv1.5,1
仮想組織_2002,1
コミュニケーション委員会,1
本店総務・人事,1
プロジェクト・グループ,1
組織形態,1
フリマ店舗,1
部署別マネージャー,1
コーチングPJ,1
グループ吸収,1
管掌範囲,1
MC所属,1
RtMJ 所属,1
本部コード名,1
所属組織（ユニット）,1
所属エリア,1
所属園名,1
カラーエナジー,1
BC推進チーム（NVC金田）,1
NTV,1
時間外（直近１ヶ月）,1
勤続年数（分社前含む）,1
結婚可否,1
応募者部門名,1
本部階層,1
全体結果(管理職除く),1
インサイドセールスチーム,1
教室名(組織長除く),1
滞留　※23年5月作成,1
所属第三階層(部門),1
パルスサーベイ用,1
管理・非管理,1
部・ユニット,1
嘱託社員（無期・有期）,1
年齢(5歳刻み）,1
熊谷組グループ,1
熊谷組,1
住居,1
Grセグメント,1
KPI対象,1
学歴（文理）,1
勤続年数（年数別）,1
所属部署Ｄ,1
IT・デジタル戦略部,1
事業拠点,1
役職区分（分析用）,1
Age 3 years,1
送配電分析追加②,1
Starting year of the current position,1
等級滞留,1
新規事業人材,1
グループ（新規）,1
Div・室・子会社,1
組織（部署別）,1
所属年数,1
入社前の在籍企業規模,1
入社時期(T4期間含む),1
役職（雇用区分）,1
入社形態及び雇用区分,1
所属部署Ａ,1
医院,1
職種担当,1
業種担当,1
部下 (自主判断型) - 上司 (権限委譲型),1
部下 (協調協力型) - 上司 (参加要求型),1
部下 (情報提供型) - 上司 (話し合い型),1
障害区分,1
総括部,1
孫属性G,1
ひ孫属性G,1
穂坂グループ,1
入社時職能,1
グループ/課,1
テスト性別,1
注意事項（以下の言葉の定義を読み、「確認」を選択）,1
「職場」とは、所属する最小単位グループ（例.チーム,1
混合所,1
2021年10月の人事評価ランク,1
案件ランク,1
全体結果※1名除く,1
SES移行タイミング,1
コース（2022.4実施）,1
年齢（1年刻み）（2022.4実施）,1
所属長区分,1
室・グループ・センター・支店,1
エンプラメンバー,1
グループ・係・室,1
母店,1
育児状況,1
Joining form,1
23メンター,1
特殊権限,1
所定外労働時間(R5平均),1
単身赴任年数,1
職位（呼称）,1
TPP,1
status,1
人事企画部,1
本務/兼務,1
労働時間（所定外残業）,1
業種区分,1
対話会,1
役割（PJ単位）,1
役割（役割単位）,1
人事考課_職能,1
ブロック区分,1
R6年回答有無,1
有志施策参加者,1
拠点GD（法人営業）,1
スキル向上PJ,1
Qzilla入社,1
TRD本部,1
TRD部,1
TRD課,1
Group / Department Subgroup,1
Location Sub-Group,1
国籍（nationality）,1
常駐・巡回区分,1
庶務ライン,1
等級（グレード）,1
課・分室,1
みらいプロジェクト,1
オフィス拠点,1
所属(事業部),1
ピックアップ,1
Dar参加有無,1
性格,1
部署別-6,1
入所時期,1
事業部出向先,1
チーム階層２,1
１日の勤務時間,1
仮想組織_2006_2,1
⑫役職,1
ES企画,1
L人財,1
プロジェクトチーム,1
研究本部エリア,1
★特別作成,1
部・本支店,1
※吉井様抜き,1
年収別,1
年齢5歳単位,1
職種(詳細),1
今年度新任マネージャー,1
部長5,1
【入社時】GMAP論理思考力,1
（結果統合用）,1
採用別,1
その他④,1
役職・呼称,1
コーポレート,1
管理店舗数,1
事務所タイプ,1
部署(ブロック),1
評価（建材事業本部）,1
年代（回答者選択）,1
性別（回答者選択）,1
管掌部門,1
グループ・作業所,1
労働時間区分,1
出張先,1
昇進回数,1
勤務種別名称,1
ロームワコー単体結果,1
特例補正,1
グレード内年俸レンジ,1
コース（2025.6実施）,1
通期評価,1
ポジションタイトル,1
時短勤務者,1
昇任・昇格（R7.4.1）,1
TRD職位,1
外勤/内勤,1
個別報告区分,1
離職者,1
GenderDelete,1
Age 5 yearsDelete,1
ResidenceDelete,1
L,1
B,1
"B,C.D",1
Role ／ 部門,1
Age ／ 年齢,1
所属セクション,1
税込年収,1
課・地区,1
母国語,1
本社各部／事業部・所,1
新任管理職,1
team,1
SW保守リニューアルPJ,1
新内装業実現プロジェクト,1
グレード2,1
校舎,1
コーポレート兼務,1
センター等,1
工程／チーム,1
役割等級別,1
雇用種別,1
2022年度業績評価,1
所管本部,1
2019年度行動評価,1
その他組み分け９,1
その他組み分け１３,1
年次・役割,1
事務所規模,1
2023年4月の人事評価ランク,1
部署（2023年7月-）,1
Div.（2023年7月-）,1
チーム（2023年7月-）,1
導入年度,1
事務局操作用①,1
本社/支店,1
居住地,1
職種２,1
係・グループ②　※「該当なし」は使用しないでください。,1
担当職務（部門別）,1
同種業界含め総経歴,1
部門間サーベイ,1
階層（分析用）,1
PD,1
人事区別,1
昇格年,1
フラグ５（KMB）,1
【関連会社還元用】プラグ２（FFG⇒ZDF出向者）,1
【関連会社還元用】プラグ3（MNB）,1
ALBA GROUP,1
部下属性【上段】,1
コストセンター,1
所属組織2,1
雇用形態（海外）,1
管理職研修対象上司の部下,1
※追加分析用※組織風土改革会議用,1
個別確認（部）,1
フラグ②,1
転職回数,1
働き方改革推進部,1
第一営業部,1
第二営業部,1
テクニカル本部,1
経営企画部,1
課・チーム1,1
部門（部）,1
経験業種,1
役職者/一般者,1
入社時期（東芝Ｇｒ．入社時期）,1
一段部（事業部）,1
二段部（部）,1
出勤先,1
2013年,1
2015年,1
2016年,1
2021年,1
課_25,1
国籍・地域,1
部署名 組織階層１,1
部/室/ユニット,1
OKR役割,1
(さかえ)入社経路,1
週あたりの平均的なテレワーク実施日数,1
ソリューションビジネス,1
入社（中途/新卒）,1
室（所）,1
PJ_MS8,1
PJ_その他,1
ドールチーム,1
職位等②,1
本部（22卒除く）,1
ユニット・グループ・チーム（22卒除く）,1
全体結果（22卒除く）,1
社員分類×勤務地区分,1
【東急電鉄】所属分類,1
担当者,1
集計区分（使用しない,1
前所属,1
1年目フォーカスサーベイ用,1
着任期間,1
ステージ区分,1
MIPS評価,1
SXD組織,1
SXD職位,1
G-000008,1
マネージャー階層別,1
処遇（大区分）,1
処遇（小区分）,1
本社・ターミナル,1
所属名称（第二階層）,1
所属名称（第四階層）,1
東進区別,1
部・室・センター・支店,1
部（個別・その他）,1
課（個別・その他）,1
幹部属性,1
海外赴任,1
ADM. Division 2,1
入行時期,1
ディヴィジョン,1
Age Segment,1
Employee Status,1
所属2（部・営業所）,1
人事部門,1
支店・方面本部,1
所属（組織３）,1
職種（集約）,1
ﾋﾞﾙ施設運営部2,1
年収（2024年）,1
プロパー/出向,1
長期雇用区分,1
系統区分②,1
２階層,1
３階層,1
主任副主任研修2023,1
日本通運職位【2024年4月サーベイ実施時】,1
等級【2024年4月サーベイ実施時】,1
役職（分析）,1
役職（2024.12実施）,1
コース（2024.12実施）,1
女性管理職,1
汎用,1
（共）役職,1
前職区分,1
工事区,1
派出,1
内定承諾時比較企業数,1
組織区分A[部・室],1
組織区分B[課],1
組織区分C[係],1
アカウント,1
部署（課）,1
年齢（実施日時点）,1
国籍コード,1
滞留年数：事業所（本社はセクション）,1
"Lv
*vice含む",1
L5,1
CP,1
(削除予定)グループ,1
ユニット／センター,1
同居家族,1
経歴,1
部下情報,1
従業員区分（集約）,1
職務分野（第２階層）,1
プロパー/出向者,1
職責グレード,1
中途社員,1
管轄組織,1
室/チーム,1
グループ・担務,1
入社(中途/新卒)(2023年3月時点),1
入社時期(2023年3月時点),1
年代(2023年3月時点),1
Hire date,1
昇降格,1
キャリア志向,1
レベル5,1
レベル7,1
代理店,1
管理本部集計用,1
退職者分析,1
中研・工場・統括支店など,1
係・班・駐在など,1
その他組み分け02,1
部・室・チーム,1
役職名称_JALI,1
部等（現業機関・工事機関）,1
佐鳥グループ,1
役職-SNDS,1
資格（専門社員/定時準社員）,1
SMJ-直轄）担当,1
最終学歴（入社時点）,1
年齢（派遣社員除く）,1
内外勤（派遣社員除く）,1
設備技術実働拠点,1
業務職種,1
役職①,1
店舗管理者,1
FC等,1
出・張・所,1
事業部・店舗,1
大学,1
部署（1）,1
子 有無,1
統括部.,1
課.,1
性別.,1
月平均残業時間,1
家賃手当対象,1
部・室（事業部内）,1
職種・役職,1
身分名称,1
Mgr,1
部門区分,1
DSメンバー,1
リリーステスト3,1
在籍園名,1
現時点の勤務形態,1
旧経管PS/BM,1
人事（採用関連）,1
郵便局のネットショップ,1
全体（2021新卒除く）,1
事業部・部門・室,1
2022年下期研修②,1
新グループ,1
SP等級,1
B01集計単位１名称,1
A05国籍名称,1
室・作業所・営業所,1
デスク・店（所属）,1
分析軸4,1
分析軸6,1
配属（現場名まで）,1
部署・課・チーム（組織正式名称）,1
JM・社内公募,1
新卒採用区分,1
PJ-1（統括課長）,1
評価組織,1
R/O,1
課・担当・軌道事務所,1
クリアリング対象,1
部（事業所）,1
グループ（課）,1
役員管掌,1
全従業員入社年,1
資格群,1
出張所内部組織,1
役職区分③,1
ECファクトリー,1
事業部・所,1
部課・営業所,1
所属名,1
部署名８,1
Natinoality,1
Citizenship,1
Ethinic Group,1
Shift,1
Job Grade(Summary),1
前年度の総合評価,1
役職（職制）,1
経営統合,1
管理職育成PJT_役割（参加者）,1
入社時形態,1
部門L2,1
雇用形態・コース,1
チーム・職種,1
Head Office,1
法人名,1
エリア／課／室,1
職位別,1
部署別１,1
等級、役職,1
部署（その２）,1
藩,1
メインの横組織,1
勤続年数（TYPE関わらず）,1
課 (追加),1
勤続年数(入社時期),1
4月の人事評価ランク,1
旧部署（2020年10月以降）,1
ファミリー,1
職位等②削除,1
全体結果(中国除く),1
40期12月実施,1
会社3,1
会社4,1
就任時期,1
17期,1
プロジェクト_コンテンツ,1
全体（退職者除く）,1
ミッションG,1
勤続年数（5年単位）,1
担当名称,1
役割名称,1
AG分類,1
AG役職,1
所属第五階層(チーム),1
時短,1
考課結果（今回）,1
東京支店部内部・工事部区分,1
本部/部,1
グループ/チーム,1
職能資格名称,1
年齢（10年刻み）HD指定,1
社内報,1
タスク,1
室（階層下位）,1
部（階層下位）,1
組織レベル1,1
組織レベル2,1
仕事の量,1
仕事の質,1
職場の人間関係,1
役職_,1
フラグ2,1
居住市町村,1
班（課別集計用）,1
人事利用区分,1
社長席,1
ビジネス区分,1
Age/by decade,1
詳細雇用区分,1
職掌・役職,1
「部門」,1
本社/支社,1
本社（技術・事務）/支社（管理・法人）/ブロック,1
営業・コーポレート,1
副部長,1
社歴別（期間）,1
現職務の従事期間,1
入社別,1
ユニット・課,1
レベル2,1
性別(2017.09）,1
年齢(2017.10),1
注力ゾーン,1
部門別Regular,1
特別抽出,1
3／21時点SSV,1
サーベイ対象,1
所属-1,1
承認経路,1
在宅勤務の有無,1
新人,1
女性活躍推進PJT,1
BD部,1
マネージャーグループ②,1
レベル4,1
横組織,1
2025年1月部門,1
部門異動,1
社歴別（年度）,1
異動経験（事業部門外）,1
グループ/室/課,1
マネージャーグループ③,1
参加IS,1
ワークショップ用,1
株式会社ZENB AGENCY,1
第一局,1
ビジネスグロース部,1
プロモーションマーケティング部,1
セールスプロモーション部,1
株式会社ZENB HOLDINGS,1
人事グループ,1
オネスティ株式会社,1
Grp採用部,1
キャピタルパートナーシップ株式会社,1
不動産事業部,1
勤務先会社区分,1
支店・部,1
勤務先会社,1
管理所属,1
３：事業部門,1
５：２段部,1
７：係・チーム,1
所属労組支部,1
PJ_ONION rollback,1
子供あり,1
幹部/非幹部,1
塾歴（ユース含む）,1
フラグ４,1
グループ・室・支部事務局,1
年代（統合）,1
所属（拠点）,1
係・課（営業所）,1
最終学歴名,1
入社形態名,1
DHE,1
ハイパフォーマー,1
主要PJ名称,1
【関連会社還元用】プラグ3（その他関連会社）,1
1.今回研修参加者のメンバーをまとめた前回結果,1
3.今回研修参加者をまとめた前回結果,1
5.今回研修参加者自身とそのメンバーを除いた「課長/課長代理・UL/主任」の全体結果,1
8.事業部ごとに今回/前回研修参加者自身とそのメンバーを除いた「課長/課長代理・UL/主任」,1
10.今回/前回研修参加者を除いた「部長/副部長級」をまとめた全体結果,1
個別確認（開発推進部）,1
SP会議,1
受講歴,1
プロジェクト略称,1
部署（大分類）,1
担当区画,1
統括部（※選択しないで下さい）,1
主な勤務地への通勤時間,1
定型業務・非定型業務では、どちらのタイプが好みか,1
安定志向、変化志向では、どちらがよりあてはまるか,1
【x】性別,1
課・支社,1
本部（2019年下期）,1
事業所（部門）,1
年齢※最新,1
官民区分,1
担当部署,1
営業グループ,1
階層１a,1
階層３a,1
社員種別a,1
クライアント,1
FS対象属性④,1
就業場所別,1
採用区分別,1
在籍年数別,1
本部・店舗,1
課・チーム・拠点,1
海外地域区分名,1
(兼任)Unit,1
課/グループ/室,1
育成対象,1
チーム_22/10,1
本部/担当,1
原価コード,1
店・雇用形態,1
本部・事業部・センター,1
採用（形態）,1
職階（2022.12実施）,1
3.Age,1
5.Sex,1
9.Race,1
年齢(5歳区切り),1
年間表彰,1
（ＬＶ１）,1
（ＬＶ５）,1
所属組織①,1
ミドル育成対象,1
営業・生産本部以外,1
所属滞留年月日,1
生産管理二課（狭山_再集計確定版）,1
物流企画部,1
採用形態（新卒・中途）,1
テレワーク利用回数（累計）,1
有休休暇の取得日数（累計）,1
所属（室・課）,1
所属（技能G）,1
月平均残業時間もしくは残業率,1
社員区分（職掌）,1
担当・営業所,1
コーポレート本部,1
ブランド戦略部,1
準備室所属,1
満足度(業務内容),1
GATB(知的),1
GATB(数理),1
GATB(空間),1
年齢（10歳単位）,1
年齢（1歳単位）,1
生年月日（5年単位）,1
現所属の在籍年数（3年単位）,1
駐在区分,1
決定,1
内販・外販,1
婚歴,1
部署・職種,1
メンバー育成,1
利き脳タイプ,1
チーム別Egg,1
補職の有無,1
Sec.,1
事業会社職務,1
職業,1
チーム・担当,1
職位サブ,1
グループ（※選択しないで下さい）,1
グループ（AM・メンバー）,1
社長直轄１,1
年齢（5歳）,1
勤続年数（10年）,1
55期自己申告,1
入社年次（3年ごと）,1
ラベル評価,1
保険部営業グループ内営業所,1
所属階層07,1
所属階層04,1
所属階層06,1
バックオフィス,1
Non-Japan Market Unit,1
Unit.3,1
2023年チームビルディング,1
扶養の子供の有無,1
平均残業時間（直近6ヶ月間の1ヶ月平均）,1
グループ・課等,1
出向会社,1
全体結果1月時点在籍者,1
生産本部,1
その他組み分け05,1
（組織階層3）チーム,1
（組織階層7）チーム（事業会社）,1
前回所属(2024年2月時点),1
所属職場コード,1
部、支店,1
階層（改善責任者）,1
生産本部以外,1
研修員,1
日本通運役職,1
部／グループ,1
統轄部／直轄,1
所属分類（部門）,1
その他（１）,1
キャリアルート,1
KK（HD移行部署・生産紙回答除く）,1
事業所（中分類）,1
役割s名,1
宅建有無,1
所課２,1
職種・職位,1
現在の職能,1
入社時の職能,1
正社員登用の有無,1
ATC,1
評価（2023年度）,1
業務所属（チーム）,1
部大,1
MOVE利用実績,1
本部・役員,1
居所（組織２）,1
障がい者区分,1
GD（法人営業）,1
（年度末）年齢,1
役職・担当,1
入社時期（ビル単位）,1
所属局,1
雇用形態・等級,1
DR,1
DA,1
グループAグループAグループAグループAグループAグループAグループAグループAグループAグループA,1
OB,1
所属部門１,1
25期上期Unit,1
業務区分(※今回は「該当なし」を選択ください）,1
労働体系,1
新卒入社3年以内削除,1
年代（202102）,1
商品セグメント,1
チーム/ユニット,1
本部（分析用）,1
上位上司,1
入社経過,1
管理用組織,1
独身/世帯持ち,1
2022年1on1コーチング_第1クール,1
2022年1on1コーチング_第3クール,1
2022年4月の人事評価ランク,1
部署（2022年4月-）,1
特定社員ラベル②,1
特定社員ラベル①,1
在籍状況,1
Job title,1
部門・支店,1
原籍・職種（職務名称）,1
従業員区分（職種）,1
社長直属・本部,1
事業部門担当役員,1
技術部門担当,1
２・３ 組織連携・研修チーム,1
事業所グループ,1
部下の人数,1
経歴２,1
PJ-Reticulum,1
前回アンケート回答,1
北陸機械センター,1
人財育成課,1
受入出向区分,1
Gr.,1
職能①,1
職群滞留年数,1
職級滞留年数,1
前年評価,1
給与所属コード1,1
Job Type(削除),1
Employment period(削除),1
Nationality(削除),1
期,1
兼務責任者,1
グループ/チーム責任者の兼務状況,1
責任者の年俸帯,1
直属メンバー数,1
配偶者および扶養の子供の有無,1
自チームのMorP有無,1
本部・統括支店,1
通勤,1
係・ＳＴ,1
部門-3,1
職群・職種,1
ジョブローテーション経験,1
楽天内の組織,1
組織階層組織階層組織階層組織階層組織階層組織階層組織階層組織階層組織階層組織階層組織階層組織階層組織,1
工場/グループ/ショップ,1
拠点国,1
職種②（中分類）,1
GCP資格取得,1
神田明神ホール,1
品川グランドホール,1
品川インターシティホール,1
従業員区分（詳細）,1
補助職位,1
Supervisory Department,1
L4_Group,1
前々期異動希望,1
2期前貢献評価,1
前期貢献評価,1
時間外労働,1
本部・室①・支社,1
部・室②・センター,1
BM・AS,1
管理拠点,1
【入社時】IT：SPI：身体活動性,1
【入社時】IT：SPI：気分性,1
【入社時】IT：SPI：批判性,1
BIPROGY_詳細階層,1
支社･グループ･室,1
社員区分・Stage区分,1
従業員区分_,1
年齢_,1
所・部,1
扶養家族有無,1
旧Company,1
(LV1)会社,1
(LV5)部･支店･センター,1
(LV7),1
分析用/旧本部,1
分析用/旧部/旧室,1
店舗（ユニット）,1
課（組織階層3）,1
店社／現場,1
新組織(202404~),1
在籍形態,1
部署-第一階層,1
勤続年数（入社形態別）,1
2024年4月グループ,1
部門/部署,1
会社【2024年11月サーベイ実施時】,1
本部【2024年11月サーベイ実施時】,1
部【2024年11月サーベイ実施時】,1
チーム・業務【2024年11月サーベイ実施時】,1
異動者の一部,1
チーム（詳細）,1
Main work location,1
Residence,1
現在組織4,1
各部門,1
グレード＆ランク,1
職種2（中分類）,1
AWS認定資格取得,1
採用区分（詳細）,1
役職（旧）,1
年代（旧）,1
社長直下,1
中途・新卒,1
部門(メンバーのみ),1
プロジェクト５,1
勤務ブロック,1
所属2_メンバー,1
校舎名②,1
すずまる編集部,1
等級候補,1
役割ﾗﾝｸ・職能資格,1
PJ担当認識,1
社外への出向経験,1
(確認用)所属7,1
PrePro研修,1
資格（待遇）,1
FLEXY_M,1
平均残業時間,1
コアコンピタンス,1
追加分析属性,1
当社への出向,1
勤続年数（詳細）,1
役割グレード系統,1
能力級,1
店長開始時期,1
部署名１,1
部署名４,1
ti所属（前回サーベイ回答時）,1
ti所属（前回サーベイ回答時）（退職者含む）,1
全体結果（契約社員除く,1
その他属性追加1,1
業務分野,1
YLPJ,1
直近数値業績（流通）,1
第八階層,1
24メンター,1
コーポレートコミュニケーション本部,1
セブン&アイ・ホールディングス,1
財務経理本部,1
会計管理部,1
スタンバイ,1
部相当格(直属),1
報酬区分,1
店舗／課,1
部署・店舗,1
前回調査の実施有無,1
統括部・ユニット・支社,1
部・ブロック・支部,1
管理職経験年数,1
上司の現役職経験年数,1
所属作業所,1
職務内容,1
統括部(2018.01),1
職位(2018.01),1
年齢(2018.02),1
部門（2017.12）,1
事業部・本部(2017.12),1
本部（2017.12）,1
部(2017.12),1
資格(2017.12),1
部（2018.01）,1
課（2018.01）,1
性別（2018.01）,1
本部(2018.01),1
勤続年数(2018.01),1
TEST,1
削除用,1
事業所（子）,1
転勤区分非該当,1
全体比較用,1
部門（QR回答除く）,1
部署区分3,1
支社・課,1
生年月日(年),1
部（マネージャー以下）,1
部署(雇用形態別),1
本部(分析用）,1
グループ（分析用）,1
旧）所属,1
部署(退職者除く),1
年齢(退職者除く),1
グループ（メンバーのみ）,1
プロジェクト3（複数ある方は複数回答お願いします）,1
プロジェクト6（複数ある方は複数回答お願いします）,1
SLSMT,1
CS,1
入社年次（5年刻み）,1
活動開始年,1
キーコード,1
事業部（階層1）,1
過去3年間異動有無,1
職格ステータス,1
ヒーロー,1
ZENBストア利用ポイント,1
社長塾参加有無,1
休職区分,1
総括部門,1
本部・支社,1
ｼﾐｽﾞ･ﾋﾞﾙﾗｲﾌｹｱ,1
ご報告用属性,1
当社区分,1
本社・事業部・その他,1
契約統括室下,1
大組織,1
HEAD QUARTERS,1
入行形態（詳細）,1
本部長管掌組織,1
会社選択・カンパニー,1
キャリア制度,1
所属（課）,1
拠点オフィス出社頻度（直近1ヶ月間おおよそ）,1
自席の所有（オフィス出社時）,1
事業・運営本部,1
入社年度(202410更新),1
西暦（年齢）,1
JPN/NONJPN,1
子持ち子無し,1
GKL,1
室・グループ・課,1
店舗内所属,1
部（AM・メンバー）,1
理念浸透PJT,1
セールスオフィス,1
出向会社名,1
商品,1
来社頻度,1
所属(課・作業所),1
前回サーベイ回答者,1
自動採番なし（新）,1
派遣種別,1
実力等級,1
原価センタ,1
分析用_3,1
集計区分_,1
役員・本部,1
分析用所属,1
部（組織階層２）,1
管理／一般,1
部門_細分化用,1
任意区分②,1
グループ長結果,1
資格分類,1
集計,1
兼務②部門,1
全従業員年齢,1
取締役,1
95,1
部（退職者含む）,1
職掌1,1
物流C,1
役職（R7.5月),1
分類1,1
テスト4,1
Daiwa House Malaysia Sdn. Bhd.,1
社内兼業,1
社外研修派遣,1
直轄・本部,1
課・営業所・出張所,1
S1/MONAKA,1
S1/HARUSAME,1
S1/RAIJIN,1
S2/Perseus,1
S1/DAIFUKU,1
離職アラートB,1
専門業種名,1
労働組合加入区分,1
職群・コース,1
Bloc,1
ระดับคุณสมบัติ / Shikaku,1
อายุ / Age,1
อายุงาน / Service Year,1
จังหวัดที่พักปัจจุบัน / Province of residence,1
อายุบุตรคนที่ 2 / Age of the 2nd child,1
อายุบุตรคนที่ 4 / Age of the 4th child,1
เพศของบุตรคนที่ 2 / Gender of 2nd child,1
臨時属性,1
ポケモンエンジン,1
時短の有無,1
プロジェクト名,1
好きな色,1
部門(前期の所属部門),1
PJT（責任者除く）,1
小部門,1
雇用区分／社員区分,1
旧部署（2020年4月まで）,1
部門 等,1
名刺肩書き,1
チームメンバー区分,1
回答区分,1
出向/出向受入,1
職種・役職区分,1
ブロック、セクション,1
部門別メンバー,1
意欲×能力,1
テレワーク,1
現在組織2,1
事業総括担当,1
MC所属グループ,1
グループ内分類,1
所属_本務,1
所属名称略称,1
経営職務グレード,1
資格（原籍）,1
入社年度（5年ごと）,1
半導体推進チーム（NVC高橋）,1
STEAM-DX推進チーム（NVC加藤）,1
常盤橋PJT 従業員代表,1
BIP,1
入社月数,1
過去組織,1
採用年度（5年刻み）,1
応募者事業部,1
公募事業部,1
上期_異動前後,1
事業統括,1
課（2022年上期まで）,1
PJ_SCONE,1
PJ_MSAC,1
隊,1
DX推進部,1
サテライト,1
所属第四階層(課・グループ),1
職階・職階内区分,1
役職統合,1
仮想組織_7,1
地域ブロック（大）,1
評価ランク（行動）,1
キャリア採用,1
時短区分,1
食育講師,1
ＥＣ戦略部（事業推進除く）,1
統括部・事業部,1
等級②,1
営業所・係,1
課室局,1
非正規社員,1
融資,1
兼務（地域共創部）,1
前回GD,1
旧チャネル,1
サンプレ受取枚数,1
旧社員分類,1
JOBリクエスト区分,1
転居転勤区分,1
自己申告異動希望有無,1
★社員区分,1
epo所属,1
学歴（大学）,1
販売戦略部,1
ジョイン時期_組織,1
合併会社,1
Age ten year,1
Stage,1
作業区,1
末子ご年齢,1
パフォーマンス区分,1
ボード,1
前職企業規模,1
本務所属名中小,1
EXチーム（兼務含む）,1
役職(技能職),1
事業部・グループ,1
組織（課別）,1
部署（第1階層）,1
部署（第2階層）,1
入社状況,1
事業部／局／グループ,1
入社時期(T1期間のみ),1
部門（事業本部）,1
課または係（チーム）,1
理念関係,1
雇用区分・等級,1
勤続年月,1
資格有無,1
在宅状況,1
部／室／支店,1
グループ／ラボ,1
役職(分析用),1
テスト配偶者有無,1
テスト役職,1
ユニット・グループ・チーム,1
部署・エリア,1
本部長ｸﾗｽ,1
課/エリア/担当詳細（HD）,1
最高学歴,1
子会社等,1
試験所,1
課／支店／グループ／ラボ,1
CCG ENTERTAINMENT ※デザイン除く,1
役職（2022.4実施）,1
かんぽサービス部,1
その他組織,1
開発室,1
エリア・部署,1
Div/センター/BU,1
調査時期,1
出身高校,1
合併/転籍等会社,1
新卒施策（メンター）,1
新卒施策（リクルーター）,1
Team/Kumi,1
Continuous service,1
誕生年度,1
組織_JPO新潟鉱業所各部,1
基本権限,1
セルフキャリアドッグ,1
入社形態（回答者選択）,1
ＭＳ/一般,1
office,1
伊藤研修センター,1
専門管理職,1
入社形態(新卒・中途）,1
HO超過利用,1
MG-Lv,1
PLP利用歴,1
旧部署,1
人事考課_職務,1
資格取得状況,1
経営幹部育成PJT_部下,1
管理用階層,1
全社/現法法人,1
性別（gender）,1
チーム・オフィス,1
職位（等級）,1
TRUNKへの加わり方,1
残業（４‐６月平均）,1
ＢＤ、ＢＵ等,1
ＰＴ等,1
事業部×下位等級,1
課/ブロック,1
所属(セクション),1
所属(グループ),1
職務クラス,1
契約種別,1
契約,1
プロダクト全体/以外,1
実施形態,1
評価(前々回),1
⑥第六階層（店舗ｴﾘｱ別/本社ﾁｰﾑ別ﾒﾝﾊﾞｰ）,1
⑭入社年度,1
採用区分2,1
本部名称,1
グループ2,1
部長1,1
部長3,1
部長4,1
採用地区,1
【入社時】GMAP総合,1
ー,1
HMT,1
役職候補,1
全体結果（資産運用アドバイザリー部除く）,1
行動評価,1
所属詳細,1
部・事務部等,1
情報システム,1
本社・拠点,1
住総4-2,1
不販転籍,1
賞与,1
室・部・支社,1
グループ・センター・営業所,1
事業企画（アシスタント）,1
部門6,1
LMラベル,1
事務所在籍年数,1
直属上司・上長,1
業務形態（受託・派遣）,1
部署付け建設所,1
役割行動評価,1
本部等,1
2024年追加分析,1
メンター制度,1
年齢（1歳刻み）（2025.6実施）,1
本部・室・台湾,1
SMM参加状況,1
事業所（エリア別）,1
事業所（支社・支店）,1
本社 × 事業本部,1
TRD入社区分,1
2,1
通し区分A,1
PositionDelete,1
Salary levelDelete,1
Main work locationDelete,1
D,1
Grade ／職位,1
年齢(4月時点),1
本部（FY19）,1
課（FY19）,1
Div・室,1
分析用属性01,1
チーフオフィサー,1
上司タイプ,1
部署A,1
退職者以外,1
部門抽出用,1
参加制度・プログラム,1
G・室・支社,1
研修対象部署,1
研修非対象部署,1
2021年度下期業績評価,1
2021年度上期業績評価,1
部門Ⅰ,1
部門Ⅱ,1
採用・出身,1
部署（2022年11月-）,1
Div.（2022年11月-）,1
その他組み分け１７,1
美容師資格,1
その他組み分け１８,1
職層＋組織,1
転職経験,1
任命職,1
採用区分①,1
銀行年齢（4月1日現在の年齢）,1
川越製造所,1
年齢（10年）,1
在位年数,1
［LC事業本部］×［支社長／本部長］,1
国籍（商事）,1
販売/内勤区分,1
フラグ１,1
②2022マネージャー候補研修受講者,1
③2023リーダー候補研修受講者,1
④2023リーダー研修受講者,1
⑤2024若手研修受講者,1
本社・営業所・関連会社,1
ポジション(LINE/BLOCK/TEAM),1
勤務経験,1
【関連会社還元用】プラグ１（社員）,1
DX推進本部DX企画グループチーム追加,1
全PALTAC,1
ミキワメ,1
部下属性【榎本】,1
部下属性【北岡】,1
部下属性【松田】,1
部下属性【田渕】,1
業務分類,1
所属組織1,1
年代*,1
Status,1
新規対象,1
職位・階級,1
前回回答フラグ（LM作成）,1
職種×分院,1
キャリア採用フラグ,1
業務企画部,1
経営企画本部,1
品質サポート本部,1
事業部・拠点,1
入社時のオフィス,1
所属・部門,1
G・室,1
担当SV,1
部署B,1
新規属性２,1
スタッフ種別,1
エリア（県）,1
社長直轄,1
部門階層1,1
RS,1
アシストセンター,1
中国グループ,1
(さかえ)性別,1
(さかえ)部署,1
室・センター・事業総括担当,1
コンテンツソリューション,1
室・支社,1
PJ_DAIFUKU,1
PJ_MSA,1
室・ユニット,1
カプセルチーム,1
回答回数,1
部署④,1
性別×勤務地区分,1
社内イベント,1
退職理由,1
開発職種,1
プロ認定,1
勤務地2,1
家族状況,1
組織サイズ,1
全体結果一名除く,1
サーベイ時在籍者,1
班2,1
課・G,1
G-000001,1
G-000003,1
G-000004,1
G-000005,1
G-000007,1
所属部署（チーム）,1
建材･分野集計用,1
担当・その他,1
事業部（兼務）,1
入職形態,1
新任役職者,1
2025年1月資格,1
過去サーベイの未来の役割,1
関連会社,1
現在分野,1
division,1
2nd組織/グレード,1
レベル3（部・支社）,1
阿部・髙久ユニット,1
佐藤ユニット,1
FS対象,1
メンター担当有無,1
Grade Segment,1
Vintage Segment,1
所属3（グループ）,1
（4月1日）年齢,1
事業場名,1
所属（組織２）,1
各社等級,1
TCG等級,1
ﾋﾞﾙ施設運営部1,1
室長,1
旧入社区分,1
役職名区分,1
職能資格区分,1
系統区分①,1
５階層,1
６階層,1
７階層,1
年齢（1年刻み）（2024.12実施）,1
サーベイ回答歴,1
シフト,1
GD,1
チームリーダー等,1
Lv60組織,1
ユニット/センター/工事区,1
対象外,1
こども有無,1
社内の副務のありなし,1
メインの所属ブランド,1
末子の年齢,1
入社経路（詳細）,1
配属場所,1
札幌のみチーム,1
職類,1
カンパニー／グループ,1
Band変更,1
作業系統,1
仮想組織_1908,1
人,1
年代(年度年齢),1
前回サーベイ実施有無,1
L4,1
部署名③,1
2020年10月の人事評価ランク,1
現部署（経管BM）,1
本部_メンバー,1
OD,1
燃焼・エンジン担当グループ,1
入社年度(5年刻み),1
スキルグレード,1
子どもの有無（年度初11歳以下）,1
クラス(2023年3月時点),1
性別(2023年3月時点),1
Team/Department,1
任意研修参加回数,1
組織種別,1
資格-SNDS,1
SMJ-HS）職種,1
SOSS）担当,1
部署（統括部）,1
年代①,1
採用時期,1
社員種別①,1
役職③,1
現職種名①,1
エリア別,1
心身属性,1
組織５０：店舗/部門,1
組織６０：課,1
教場,1
TC,1
部門(嘱託),1
物件(嘱託),1
事業所 × 職種,1
事業所 × 部・課,1
工場 × 部門,1
入社日・契約開始日,1
部署（部・室・支店）,1
部署（課・ブロック）,1
新規追加2,1
拠点.,1
役職.,1
入社時期.,1
前職2,1
管理部門、本部,1
クラウド運用,1
部２,1
リリーステスト2,1
国内出向先,1
旧池戸チーム,1
総務,1
人事（社内関連）,1
庶務,1
Clash Royale（クラロワ）,1
Brawl Stars（ブロスタ）,1
亀田製菓（コミュニティ戦略・SNS運用）,1
ドリフトスピリッツ,1
ぽすくま（日本郵便）,1
テンダちゃん,1
ミライアカリ,1
bace,1
クルーバー(新),1
工場（熊本・菊池）,1
入社年数帯,1
CI分割,1
B01勤務先事業会社名称,1
A01国籍名称,1
A06国籍名称,1
所属(室・部・営業所他),1
分析軸1,1
分析軸2,1
分析軸3,1
センター属性,1
社員グレード,1
勤務ビル,1
年齢（１０年刻み）,1
課・グループ・係,1
班係,1
事業部/室,1
研修参加有無,1
専門分野,1
所属組織レベル1,1
所属組織レベル2,1
所属組織レベル5,1
所属組織レベル6,1
部門別雇用形態,1
全従業員入社時期,1
Title/summary,1
サービス企画部ITチーム,1
部（所属）,1
グループ（部署）,1
勤続年数A,1
1,1
センター・グループ,1
資格級グループ,1
組織３,1
年齢(10歳刻み),1
部支店名,1
時差勤務,1
時間外労働制限,1
地域限定（現在）,1
地域限定（希望）,1
鉄道事業本部・担当①,1
Marital Status,1
職位変更,1
ビジネスWS参加者,1
6月新組織,1
【旧】部門,1
プロジェクト拠点,1
職性,1
入社※新卒は4月時点,1
店舗（部署）移動回数,1
くじらPJ,1
支社・支店・子会社,1
部署別２,1
部署別５,1
部署（その１）,1
部署（その４）,1
社員区分等,1
部門（職種）,1
手帳種別,1
区分A,1
夜勤有無,1
"定例会出席率
※直近一年",1
麻生塾 卒業生,1
部門・会社,1
拠点/室,1
ディビジョン名(組織長含む),1
（組織階層1）本部,1
在籍年数（5年ごと）,1
組織略称（本部）,1
組織略称（担当）,1
年齢（生まれ年）,1
プロジェクト_OQ,1
プロジェクト_Qubena系プロダクト,1
本部・子会社,1
人事作業用,1
資格まとめ1,1
年次まとめ1,1
部門２(組織長を除く),1
退職者抜き,1
部（退職者除く）,1
ストレスチェック結果,1
雇用先,1
チーム・支店・センター・グループ,1
リーダー職区分,1
勤続年数（1年単位）,1
本拠地,1
コース名称,1
PG分類,1
PGサブグループ,1
PG役職,1
タイトル,1
兼務/PJ,1
インターンシップ第１部,1
インターンシップ第３部,1
衛生委員会,1
組織（階層5）,1
フラグ1,1
年齢'20230713,1
課 (Team),1
給与等級（Salary Grade）,1
性別  (Gender),1
入社年度  (Joined Year),1
入社年数（Years of service）,1
職種  (Role),1
新卒・中途区分,1
工程グループ,1
工程,1
年代（10代刻み）,1
役職／資格,1
管理職・担当者区分,1
ライン管理職・非ライン管理職,1
班相当格１,1
Year of service/by decade,1
嘱託区分,1
本社・事業所・工場,1
支社・支店・部,1
チーム・駐在・担当,1
GM研修参加者,1
研修対象者,1
担当②,1
ブロック別,1
統合時点,1
マネージャーグループ,1
担当チーフ,1
出向/受入出向,1
AE歴,1
種別,1
AM・メンバー全体,1
紹介領域,1
基幹システム再構築プロジェクト,1
社会人年次,1
勤退年数,1
副本部長,1
人事考課3年平均,1
所属コード4名,1
中国/部門,1
新等級M,1
Dept&Team_3,1
社員面談,1
休日パターン,1
職種：大分類,1
2022年度資格,1
担当役割,1
TORCH事務局,1
就業時間,1
チーム/工程,1
インシデント改修確認グループ2,1
インシデント改修確認グループ4,1
本社・支店・工場・研究所,1
Grp人事本部,1
人材紹介事業部,1
文理,1
原籍会社名,1
LM研修,1
役割グレード,1
新卒系（採用区分）,1
支店/部/室,1
Ｌ拠点区分,1
PJ_DUCK,1
PJ_AOF,1
PJ_PJ-N-GO,1
同ランク在籍年数,1
役割の変更,1
ＴＤＳ転籍者,1
RM部個別対応,1
入社年（5年単位）,1
本部（23年対象者のみ）,1
部（23年対象者のみ）,1
役職区分（23年対象者のみ）,1
本部・区分,1
課（本社）・営業所,1
本部・ブロック,1
Daiwa House Europe,1
Job Titles,1
Employment Status,1
4.事業部ごとに研修参加者をまとめた前回結果,1
6.今回/前回研修参加者自身とそのメンバーを除いた「課長/課長代理・UL/主任」の全体結果,1
班(チーム),1
Permanent Residential Region,1
Type of contract,1
Region,1
旧部署（2019年3月まで）,1
昨年10月の人事評価ランク,1
営業,1
ジョブランク,1
箇所（小分類）,1
Glossomでの就業年数,1
常駐有無,1
unit,1
エリア・担当役員(部門長),1
【x】所属会社,1
【x】年齢,1
社宅入居者,1
CC（職務区分）,1
部署（2019年下期）,1
入社時期※最新,1
課※最新,1
役割別,1
部拠点,1
チーム・出向・駐在,1
SPI　総合,1
役割2,1
階層２a,1
階層５a,1
育成,1
部・店舗,1
IS22新卒以外,1
CAB,1
内製化WG,1
地域・本社担当_属性一覧,1
IS2ユニット新卒以外,1
FLEXY部付,1
RtM所属,1
_,1
部署(マネージャー除く),1
資格等級①,1
係/パーティー/チーム,1
チーム修正するよ,1
全体結果(確認用),1
ha所属,1
部室店名,1
事業部レベル,1
役職種別,1
本部、事業所,1
営業支社,1
職群_資格等級B,1
役職_時期,1
年齢（1年刻み）（2022.12実施）,1
勤続年数（まとめ）,1
新卒中途区分,1
サブグレード,1
2.Working Year Experience,1
8.Section,1
店舗内所属詳細,1
（ＬＶ４）,1
（ＬＶ６）,1
（ＬＶ７）,1
（ＬＶ８）,1
CSチーム,1
所属組織③,1
前回回答者登録,1
時間外労働（年間）,1
勤続年数（5年ごと）,1
単身赴任区分,1
本部・支店・事業部,1
役職（報告用）,1
研修受講,1
本年度転異動（転勤有無）,1
6事業地域,1
総実労働時間,1
フレックス勤務,1
サンクスカード分析,1
ESG戦略室,1
担当区分,1
(LV9),1
人事考課(1年前),1
人事考課(2年前),1
満足度(業務レベル),1
満足度(人間関係),1
適性検査(数理・理論),1
適性検査(ｺﾝﾋﾟﾃﾝｼｰ),1
適性検査(潜在的なｽﾄﾚｽ),1
GATB(言語),1
GATB(共応),1
等級（商事）,1
生年月日（10年単位）,1
育児の状況,1
時給単価,1
所属G,1
3／21以降所属,1
チームビルディングラボ運営,1
IT業界経験年数,1
年間読書数,1
部門／事業部／室,1
ZONE,1
号俸,1
生年月日（年）,1
職能2※職能が2つある場合,1
扶養家族の有無,1
稼働状態,1
追加1,1
追加2,1
部署（第3階層）,1
年齢（10歳）,1
拠点（新宿or岡山）※「その他」の選択不可,1
RC区分（集計用）,1
所属階層09,1
【東急電鉄】職責,1
【東急電鉄】役割,1
前年度行動評価,1
本部/ユニット,1
ルーム,1
PS,1
Circle!!,1
職責ランク,1
PJTグループ,1
クリエーター・非クリエーター,1
有給消化率（直近2年）,1
出社率（直近6ヶ月）,1
性別×年齢,1
センター・関係会社,1
部場,1
本部支社,1
役職判定,1
（組織階層5）本部（事業会社）,1
職掌・職群,1
前回役職(2024年2月時点),1
チーム他,1
事業本部・支社,1
課/担当・部（支店）・出向会社名,1
時間外月平均,1
メンタル,1
PJ-2（担当課長）,1
地域限定,1
LM分析用,1
本務所属名小,1
本務所属名細,1
役名1_名簿役名,1
公募活用履歴,1
課・販売所,1
所属（本社・販売所）,1
異動経験の有無,1
社会人経験の有無,1
追加分析【Nagase (Malaysia) Sdn. Bhd.】,1
本部小,1
本部大,1
部門統括,1
BU・カンパニー,1
Department 1,1
Position 2,1
施策実施,1
前回GD（法人営業）,1
ディビジョン名,1
所属（会社）,1
エリア・本部,1
2019/10末時点勤務地,1
ロジ_19年5月,1
職種_19年5月,1
DH,1
拠点オフィス（主な勤務・駐在地　※自宅は除く）,1
24期下期Div・室,1
24期下期ｸﾞﾙｰﾌﾟ,1
個別PJ,1
課・室・支店,1
課（職場）,1
入社以前の就業年数,1
本部・室・他,1
採用役所（場）,1
メールアドレスあり,1
ビジネス,1
役職（202102）,1
ユニット3,1
コーチング,1
部門(分析用),1
SBU,1
2021年上期研修,1
ビジョン,1
2022年1on1コーチング_第2クール,1
等級2,1
Immediate Supervisor,1
役職（エンジニア職掌）,1
出身研究室,1
モニター,1
自動採番（更新）,1
入社年度層,1
勤続年数５年未満,1
勤続年数10年未満,1
所属3_メンバー,1
勤続年数_,1
評価（2021年度）,1
Evaluation,1
２・３ 新NC運営計画チーム,1
２・３ 率先垂範・ラーニングチーム,1
本社部室,1
EN1-チーム,1
設計室（国保）,1
座談会,1
等級（MG）,1
S&EBD_ソリュPJ_HVAC CLOUD,1
入社形態（新卒・中途）,1
部署名６,1
TLS出向兼務,1
名古屋機械センター,1
広島機械センター,1
東北機械センター,1
北海道機械センター,1
企画調達運用本部,1
生産支援本部,1
営業所等,1
級,1
ＮＡＳ,1
本部・役員管轄,1
店舗区分,1
職能②,1
当年評価,1
前々年評価,1
子の有無(高校生以下),1
新グレード,1
役職階層,1
職種（西1用）,1
Sec,1
Employment status(削除),1
Permanent residence(削除),1
総合評価,1
業績評価,1
ハイ＆ロー,1
役職定年,1
管理職アドバンス研修,1
マネジメント研修,1
M昇格,1
フォーカスサーベイテスト実施用,1
主務Position,1
上長名,1
着任月,1
勤続年数（満）,1
着任年月,1
入社年次(2),1
組合員区分,1
インタビュー対象者,1
職人,1
組織区分D,1
課・ＳＣ・ＣＣ,1
部門-１,1
看護師,1
ジョブカテゴリー,1
若手業務改善プロジェクト,1
所属事業部・部,1
IV　※本社以外：所属の社名をご選択ください,1
センター/室/工場,1
職種①（大分類）,1
日本橋三井ホール,1
大崎ブライトコアホール,1
品川フロントビル会議室,1
職務分野,1
L2_Department,1
Employee Type,1
東光リミー株式会社,1
入社年範囲,1
院,1
前期異動希望,1
店舗/課,1
組織30：統括部,1
組織７：課,1
課内チーム,1
等級ランク,1
その他組み分け３,1
建助/オフィス,1
技術調査部,1
【入社時】IT：SPI：社会的内向性,1
【入社時】IT：SPI：達成意欲,1
【入社時】IT：SPI：活動意欲,1
【入社時】IT：SPI：敏感性,1
【入社時】IT：SPI：高揚性,1
【入社時】IT：SPI：従順性,1
【入社時】IT：SPI：回避性,1
【入社時】IT：SPI：自己尊重性,1
【入社時】IT：SPI：懐疑思考性,1
分社名,1
等級群_,1
BU・センター①_,1
年代（5歳刻み）,1
課・チーム    （組織階層1）,1
社員の属性,1
正課長,1
(LV2)事業本部,1
部室_大規模部内室の室員除く,1
アセス,1
分析用/旧課,1
エージェント事業部,1
リスキリング事業部,1
役職(階層),1
部署(大),1
作業区（使用不可）,1
クレサガ,1
3rd,1
コイン娘,1
現場役割,1
本部【2024年4月サーベイ実施時】,1
勤続年数※設定しない,1
人事ベース,1
Divison,1
嘱託名称,1
系列区分,1
新卒3年目,1
年齢②,1
Position (staff),1
Salary level,1
Main working shift,1
Commuting method,1
新卒・キャリア使用,1
トータル勤続年数,1
直近の異動・担当変更,1
現在組織1,1
勤務地別,1
課 / 室 / 研究所,1
発揮能力評価,1
チームリーダー,1
勤続年数（2年以上）,1
職種1（大分類）,1
Google Cloud認定資格取得,1
音楽業界経験,1
Job Family,1
風土改革活動PJT,1
兼務先,1
ブロック（マネージャー）,1
プロジェクト４,1
プロジェクト業務システム,1
プロジェクトfreee,1
所属1_メンバー,1
部門担当集計,1
部署名①,1
ライン長フラグ,1
DISC診断,1
職位（組織図上）,1
管理職・非管理職,1
配属（株式会社レスメッドの方のみ回答）,1
直間区分,1
事業部間の異動経験,1
部（開発／運用）,1
所属組織（グループ）,1
FLEXY_M3,1
部門/室,1
現部署在任期間,1
ＢＵ・センター,1
プロパー社員/出向者,1
職掌・資格,1
役職区分①,1
拠点事務所,1
仮想組織_6,1
主管部名称,1
中央幹　建　土木,1
人　人事,1
人　勤労,1
年度年齢,1
2022所属部室,1
2022所属チーム,1
チーム・エリア,1
部署名２,1
部署名３,1
57期自己申告,1
業務領域,1
ti所属（退職者含む）,1
テレワーク区分,1
2022全体,1
ML/BL,1
出向（会社をまたぐ）,1
入社時企業名,1
直近業績評価,1
拠点地域,1
採用活動,1
秘書室・社長室・監査役室,1
キャリアシート（対応有無）,1
部署・ブロック,1
店舗・拠点・課,1
所属部署Department,1
勤務地Work location,1
役職Position,1
2017上期人事評価,1
性別Sex,1
年齢群,1
担当（本部勤務・店舗役職者は該当なしを選択）,1
役職・ポジション,1
本部1,1
本部2,1
部門・機能,1
所属統括部門,1
所属(2017.10),1
統括本部(2018.01),1
事業部(2018.01),1
性別(2018.02),1
採用方法(2018.02),1
年齢（2018.01）,1
ロール在籍歴,1
課・室・オフィス非該当,1
役職別（経営層のみ）,1
属性（QR回答除く）,1
入社以前の就業年数（QR回答除く）,1
所属部門２（QR回答除く）,1
"裏設定
(定例会出席率)",1
Official position,1
エキスパート,1
工場・営業所,1
役職属性,1
部署区分2,1
テスト2,1
★カード,1
部署(拠点別),1
部（分析用）,1
入社形態(退職者除く),1
入社時期(退職者除く),1
プロジェクト5（複数ある方は複数回答お願いします）,1
プロジェクト7（複数ある方は複数回答お願いします）,1
本部（部長）,1
project①,1
運用組織,1
教室・校舎・園,1
職種分類1,1
職種分類2,1
四魂,1
部門・室,1
等級バンド,1
トラッキングツール,1
組織第三階層,1
入社年次（1年刻み）,1
L5_Team,1
設問,1
営業×年齢,1
project②,1
職位階層,1
上司の職位階層,1
年間目標評価,1
現等級在留年数,1
組織（中分類）,1
組織（小分類）,1
株式会社ほけんのぜんぶ,1
ほけんのぜんぶ,1
職格,1
一人前,1
社宅利用有無,1
インセンティブ,1
売上,1
生産ライン,1
ＵＴＲ区分,1
出向フラグ,1
管理職(詳細),1
本社／店舗,1
※追加分析用※役職,1
TDS入社年度,1
支店・事業部,1
ｾﾝﾀｰ,1
総支給年収(基本給+賞与),1
プロジェクト2,1
プロジェクト3,1
営業本部本社・広域以外,1
営業本部・広域東西以外,1
個別対応,1
新属性,1
前回サーベイ(2022年9月)対象,1
センター（階層上位）,1
本部（階層下位）,1
部担/グループコード,1
部・支店・エリア,1
営業所・店,1
東京エリア,1
室・課,1
銀行年齢（5歳刻み）,1
給与グレード,1
子供あり・なし,1
担当メインPJ,1
所属現場等,1
現場詳細,1
所属会社（主務）,1
所属事業部（主務）,1
所属（部門）,1
勤務開始時期,1
勤務終了予定,1
評価用,1
属性グループ,1
室・本部・部,1
ブロック・本部,1
テスト3,1
仮想組織_2006,1
入社年（社員番号上２桁）,1
その他チーム1,1
工場（一部対象者）,1
誕生日,1
事業本部(組織長除く),1
部/室/所(組織長除く),1
組織課題解決PJ,1
センター・室・部,1
セクション・事業所,1
補職GP名称,1
Manager/Member,1
Div.（2022年4月-）,1
閲覧対象組織,1
Service Year,1
技術ランク,1
担当別,1
内外勤(詳細),1
勤務歴,1
残業時間（年間）,1
事業所・派遣先,1
勤続期間（2年未満）,1
担当部（組織階層３）,1
課（組織階層4）,1
海外留学生,1
中途採用者,1
カンパニー群,1
任意区分①,1
組織_拠点,1
部門（中/日）,1
上司CD_部長,1
入社日分類,1
パートタイマー年齢層,1
階層5,1
部門(人事上),1
部署（まとめ）,1
Squad,1
商材,1
#NAME?,1
Previous respondent,1
背番号,1
当年月平均残業時間,1
就業勤務形態,1
エリア統括,1
職掌2,1
支部,1
支社・部・地区,1
分類2,1
次世代能力開発コース,1
i-challenge,1
越境経験,1
社内越境,1
在籍エリア,1
在籍事業所,1
S1/MSAC,1
S1/DUCK,1
S1/OHAGI,1
S2/AVENGER,1
S1/CITRUS,1
S1/ORANGE,1
座談会参加者,1
管理職育成PJT_役割（部下）,1
管理職育成PJT_部下,1
管理職区分名,1
基本組織,1
内部組織,1
リーダー役,1
SALARY,1
ตำแหน่ง / Position,1
วุฒิที่ใช้สมัครงาน / Edu. level for job,1
สถาบันที่จบล่าสุด / Latest institution,1
สาขา / Branch,1
จังหวัดภูมิลำเนาที่เกิด / Province of birth,1
จังหวัดตามทะเบียนบ้าน / Province of registration,1
มีบุตรหรือไม่ / Do you have children?,1
อายุบุตรคนที่ 3 / Age of the 3rd child,1
เพศของบุตรคนที่ 4 / Gender of 4th child,1
Team(Tier3),1
本部・部レベル,1
所属している部,1
役職(相当職),1
現在の企業での勤続年数,1
今のレポートラインに所属してからの年数,1
グループ/室,1
新規登録,1
PF,1
業務で主に使用する言語,1
子会社全体,1
テレワーク開始年月,1
店舗、ユニット,1
第５階層,1
対話,1
旧部署（-2021年10月）,1
その他チーム3,1
"RtM Global組織/
MDP組織",1
雇用元会社,1
DX推進チーム（GMO）,1
常盤橋PJT 課統括代表,1
５SD,1
（MCR）新属性,1
経営管理本部all,1
部階層,1
五人組,1
事業（202303削除）,1
PJ_PUMPKIN,1
PJ_YAKITORI,1
チーム責任者,1
営業企画チーム,1
役職等級,1
所属係,1
営業店or本部,1
入職年度,1
入職年度（１年刻み）,1
子供属性,1
家族/単身区分,1
年齢(10歳刻み）,1
工事所,1
作業所・グループ・直轄作業所・営業所,1
営業所名,1
ブロック・課,1
指導員要領制度対象者,1
課内室,1
子ども有無,1
持株,1
滋賀工場（分析用）,1
管理職･非管理職,1
学歴（学部・院）,1
酒井さんSOMPO LIVE参加,1
営業企画部,1
地区本部/営業所/店,1
エリア属性,1
所属1（本部）（追加設問用）,1
住まい,1
時短者区分,1
従業員区分名,1
Working years,1
No. of people under management,1
所属滞留,1
Webサービス開発チーム（兼務含む）,1
係・ステーション・センター,1
直近査定(ランクごと),1
本部/事業部,1
MG（統合）,1
次長・室長・課長,1
面接官トレーニング参加者,1
18年10月時点勤務場所,1
部（一部課）,1
グループ(21/3/31),1
所属L3,1
役位,1
販売スタッフ所属ブランド,1
合宿,1
部下 (素直従順型) - 上司 (指示指導型),1
上司との相性,1
部門③,1
子属性G,1
サブファンクション,1
FMB,1
テスト人事部用統計用年次,1
テスト指定日年齢,1
テスト入社区分名,1
テストテレワーク頻度,1
評価(直近),1
「会社」とは、矢崎グループを指す,1
「上司」とは、一次評価者を指す,1
部署所属なし,1
職種系統,1
インナーブランディング（GT）（廃止）,1
company,1
ﾏﾈｰｼﾞｬｰｸﾗｽ,1
ﾒﾝﾊﾞｰｸﾗｽ,1
①第一階層（会社）,1
③第三階層（本部）,1
部/室/担当（HD）,1
文理区分,1
工事事務所,1
部／工場／研究所／出向,1
職階（2022.4実施）,1
再編による出向,1
オフィス・グループ,1
等級（役職）,1
自動採番なし（新）2,1
BUセンター格③,1
部長研修参加有無,1
新卒（年度）,1
LV,1
Management class,1
7月新組織,1
内勤・外勤,1
法定外労働時間(R5平均),1
主に従事している業務,1
新部門長,1
Nationality×Position,1
人事,1
年齢（実年齢）,1
評価記号,1
出社率,1
本部/部門,1
役割（組織単位）,1
人事考課_賞与（冬）,1
人事考課_目標管理（夏）,1
人事考課_目標管理（冬）,1
役職クラス,1
フォーカスサーベイ区分,1
研修講話および懇親会の参加者,1
経営会議M,1
GMグループ,1
拠点GD,1
その他PJ,1
スタジオ,1
オーナー区分,1
TRD事業部,1
役職（post）,1
内外勤（site/officework）,1
C,1
Onbording date／入社,1
Sex ／ 性別,1
入社経歴,1
課・ゾーン,1
役職１,1
グループ入社時期,1
ほげグループ,1
藩構成,1
今年度新卒入社,1
本部①,1
本部②,1
部_25,1
在職ステータス,1
職掌滞留年数,1
退職予定・業務委託,1
グループ/ショップ,1
エンドユーザー直掌強化PJ新内装業実現PJ,1
海外事業拡大PJ,1
所属店舗を選択してください。,1
課(詳細）,1
課／工場／部付,1
RS役職,1
2022年度健康管理残業時間（年間）,1
障害者区分,1
全体（グループ新卒/野村證券出向者を除く）,1
2021年度行動評価,1
2020年度行動評価,1
2020年度上期業績評価,1
【東急電鉄】所属分類（部門）,1
部門Ⅲ,1
職務（法職FC）,1
その他組み分け１０,1
その他組み分け１２,1
Employee category,1
ServiceYear,1
Department Code,1
新規役職者,1
入行年度（雇用形態を問わず勤務を開始した年度）,1
生年月日（1年）,1
採用年月日（1年）,1
在課年数,1
プロジェクト（BIC用）,1
英語可能可否(回答者選択),1
性別（商事）,1
所属４(店舗),1
本社/店舗,1
部/地区,1
グループ/店舗,1
※追加分析用※役職（共通）,1
特別職（事務分担）,1
東西,1
エリア統轄,1
追加設問用,1
新規 or 既存社員,1
【関連会社還元用】プラグ２（FFG⇒MNB出向者）,1
DX推進本部グループ追加,1
LinCC分析用属性②,1
専任職領域,1
企業理念PJ,1
部下属性【安楽】,1
部下属性【宮下】,1
部下属性【佐伯】,1
ユニット(2025~),1
前回回答者,1
一般管理（改編後）,1
資格級（集約）,1
2025追加分析,1
組織×階層,1
年齢（3歳刻み）,1
部署１,1
エンジニア区分,1
職務階層,1
職種（業務）,1
ホテル,1
兄弟姉妹,1
支社/本部,1
所属部署A,1
新入社員研修参加年度,1
野原産業セメント_本社区分,1
部署別-5,1
入社後ステータス,1
チーム階層３,1
ユニット役職,1
評価(前回),1
部・課・営業所等,1
⑤第五階層（店舗統括/ﾏﾈｰｼﾞｬｰ･ﾒﾝﾊﾞｰ）,1
⑦第七階層（担当SV名）,1
⑧第八階層（所属店舗）,1
⑨雇用形態,1
⑩入社形態,1
⑬年齢,1
⑮総合職/地域限定職,1
直近多面ポイント,1
グループ1,1
仕上BIMチーム,1
所属組織（階層４）,1
6-10年目社員,1
部長2,1
【入社時】GMAP理解力,1
資格①,1
総合営業チーム,1
採用年数,1
その他③,1
E有無,1
マーケティング＆コミュニケーション,1
退職詳細,1
勤続年数（クルー）,1
LinCC分析用属性,1
入社3年以内,1
部室名,1
分野（建材事業本部）,1
新等級,1
有志メンバー,1
総本部・部門・本社,1
従事業務,1
"給与の増減（+,-,±）",1
キャリアシート（実現度）,1
キャリアシート（実現時期）,1
役割階層,1
昇級・昇格,1
Employee classification,1
職階（2025.6実施）,1
23-24回答状況,1
半期評価,1
兼務先の有無,1
調査区分,1
大和ハウス工業,1
新卒1年目,1
TRD役職名称,1
TRD規程区分,1
TRD出向転籍会社名称(会社マスタ),1
職種部門,1
4,1
人材委員会分析項目,1
通し区分B,1
Main working shiftDelete,1
採用属性,1
役職・職種,1
部門（本部）,1
社員区分・職責R,1
所属・本部,1
年代（回答日時点）,1
仮想組織,1
ファーム,1
転勤者,1
固有評価,1
店舗/本部/チーム,1
2018年,1
2020年,1
部／課,1
部門階層2,1
採用拠点,1
限定分析,1
部署名 組織階層３,1
整備工場,1
委員会構成,1
入社時期（10年刻み）,1
(さかえ)所属,1
(さかえ)雇用形態,1
スマートパス,1
広告ビジネス,1
チャネルコミュニケーション,1
auサービス,1
プロダクトなし,1
PJ_CITRUS,1
退職者除く,1
国籍(地域）,1
その他JP,1
PUPチーム,1
社員グループ,1
所属コード5名,1
GMT/Offices,1
Zone Band,1
Zone,1
事業部（22卒除く）,1
社員分類×性別,1
【東急電鉄】旧属性分類,1
全体結果_2022年入社除く,1
支店事業所,1
開発区分,1
班1,1
退職者確認用,1
課・室・センター・局,1
処遇（中区分）,1
管理職/非管理職,1
チーム2・エリア2・店舗2,1
資格等級経験年数,1
360度サーベイ回答,1
2023年度11月資格,1
事務局操作用②,1
新組織2024年4月,1
国内関連会社,1
最終出社日,1
分析用②,1
昇格タイミング,1
1st組織/グレード,1
レベル1（会社）,1
レベル2（本部）,1
新卒年度,1
木村・長岡・仲戸川ユニット,1
尾崎ユニット,1
田口・近藤ユニット,1
社内公募利用実績,1
ADM. Division,1
営業店・本部,1
課・係,1
入社年度詳細,1
S2等級区分,1
（4月1日）在籍年数,1
国内/海外,1
ﾋﾞﾙ施設運営部3,1
テスト用,1
原籍会社区分,1
管理職・非管理職区分,1
１階層,1
４階層,1
雇用区分【2024年4月サーベイ実施時】,1
組織部門,1
2023年度業績評価,1
2024年度健康管理残業時間（年間）,1
職階（2024.12実施）,1
社内_ 販売,1
Lv50組織,1
部門長/CDM,1
グループ/科/派出,1
指向性,1
入社時雇用形態,1
部署・センター,1
チーム・Unit,1
ミドルセッション参加者,1
部署（支店・部・センター）,1
所属（部・課）,1
SPI（適応組織）,1
札幌／目黒センターのみ職位,1
入社分類,1
教習所,1
オフィス2,1
PN,1
L3,1
"現地採用
（GAPS）",1
青黄赤,1
kenta,1
部／室_メンバー,1
所属事業,1
所属ユニット/フロア,1
分析用3,1
チーム・ユニット,1
幹部会,1
HRP,1
18_YST,1
新卒入社時期,1
(削除予定)事業部,1
(削除予定)エリア・チーム,1
BU・センター1,1
BU・センター2,1
新規属性グループ,1
嘱託,1
統括店区分,1
生まれ月,1
売上0社員,1
新卒社員,1
行員番号区分,1
事業本部/事業部/本部,1
部/室/センター,1
グループ/課/チーム/室,1
運用系統名,1
単身赴任有無,1
所属会社(2023年3月時点),1
社員区分(2023年3月時点),1
カンパニー/部（間接部門）,1
(営)/課,1
Position/Job Rank,1
G長,1
社内_ 販売(73),1
有期_無期,1
評価結果得点率,1
レベル6,1
Udemy利用者,1
支店（かんぽサービス部除く）,1
新規属性2,1
部・室など,1
その他組み分け01,1
その他組み分け03,1
所属滞留期間,1
営業・職能,1
店支部役職,1
G・支店・営業所,1
SMJ分社,1
SMJ-BS）担当,1
主職務または主職種,1
役職／職位,1
現職群名,1
年代②,1
組織別,1
所在地,1
組織１０：会社,1
組織２０：本部,1
組織４０：エリア,1
組織７０：その他,1
役職（管理職or担当職）,1
居所（事業本部）,1
所属店舗・所属部門,1
他場所・他社経験,1
社歴1,1
部署（2）,1
年齢(4/1時点),1
部.,1
年齢.,1
入社形態.,1
LS、LMAサービスへの配属年数,1
LS、GLS、LMA、GIの合計勤続年数,1
カンパニー・部門,1
事業部・センター・部,1
サブユニット,1
生まれ（年代）,1
役員除く結果,1
LLP参加,1
社会人歴,1
広報,1
ガンダムブレイカーモバイル,1
今夜くらべてみました,1
ファミリーマート,1
日本テレビ（宣伝部SNS運用アドバイザリー）,1
2021年2月1日or4月5日ダーウィン研修,1
ミッショングレード・呼称,1
本部（一部対象者）,1
＜ＳＦ専用＞拠点別,1
dummy,1
【役職】前回比較用,1
Gr名,1
バンド帯,1
本部・企・PF,1
職種／チーム,1
入局年,1
プロジェクト（スクアッド）,1
A03国籍名称,1
統括部/本社/事業所,1
日本語レベル,1
組織業態,1
人件費,1
所属（本社・事業所）,1
年間評価,1
部内兼務状況,1
従事専門分野,1
総労働時間,1
役職（新規・既存）,1
TLテーマ,1
グループ・係・チーム,1
出身（転籍者orプロパー）,1
課/室,1
社員入社年,1
本・支店,1
グループ、出張所、作業所等,1
サポーター制度,1
グループ（所属）,1
機材センター（所属）,1
機材センター（部署）,1
(業務上の)職種,1
赴任形態,1
指定管理,1
営業所・グループ,1
回答グループ,1
部課グループ・営業所,1
営業所・グループ・駐在,1
明細グループ,1
組織２,1
組織４,1
社外副業,1
所定外労働免除(育児),1
部署名７,1
Work Pass Type,1
GM・GM代理管掌,1
プロジェクト区分,1
部門L1,1
部門L3,1
職種グループ,1
部署別４,1
統括部名,1
グループ統括部名,1
ライン職制,1
格付け,1
生年月,1
勤務地タイプ,1
勤続年数(T1・2入社),1
部門（中）兼務以外,1
部署・営業所,1
区分B,1
担当マネージャー,1
勤務地区分・コース区分,1
組織名要確認,1
社員コース,1
TS,1
グループ名(組織長含む),1
定例MTG,1
2015年度以降新卒,1
LM主催_マネジメント研修参加者,1
セクション・グループ・チーム,1
雇用主会社,1
若手セッション,1
セクション・グループ（退職者除く）,1
G-000012,1
年齢階級,1
資格レベル,1
職位・役職,1
勤務地ブロック,1
フリー手当,1
6桁CD,1
社員区分（受入出向含む）,1
ミッションG（統合）,1
勤続年数（3年単位）,1
勤続年数（10年単位）,1
年齢（1年単位）,1
年齢（10年単位）,1
部所属,1
就労滞留基準日（10年刻み）,1
有給,1
AWS Top Engineers,1
社内表彰,1
GC Top Engineers,1
設備区分,1
工事長・所長以外区分,1
権限設定,1
部署（課・営業所）,1
制度,1
所属部門（小分類）,1
制度×所属×コース,1
採用区分×制度×コース,1
家族構成（婚姻有無）,1
家族構成（婚姻×子有無）,1
居住地（都道府県）,1
インターンシップ第２部,1
プロジェクト推進部,1
センター（階層下位）,1
組織（階層4）,1
組織（階層6）,1
組織レベル4,1
能力の活用,1
標語,1
Zキャンプ参加エリア,1
勤続年数'20230713,1
部・ブロック (Department),1
所・オフィス・チーム (Section),1
勤務地（Office Location）,1
勤務年数区分,1
グループ／室,1
ＢＵ・センタ相当格２,1
前回サーベイ(2023年11月)対象,1
処遇区分,1
本社・東京本社,1
課・グループ等,1
評価（定量）,1
優秀度（定性）,1
職歴,1
在籍区分ステータス,1
大学新卒,1
男女別,1
入社時期（正社員）,1
担当事業,1
レベル1,1
入社暦,1
分析用属性02,1
部(2017.09),1
クラス(2017.09）,1
部門(2017.09）,1
職位(2017.10),1
社長直轄２,1
資格＋職分名称,1
RS事業部,1
組合員区分名,1
CHANTOPJT,1
実施時期,1
Dept&Team_2,1
★特別作成2,1
Div・部署名,1
比較2022.2,1
直属,1
オフィス名称,1
マーケ4-5月入社以外,1
年代5,1
社員区分2,1
勤務所属,1
４本部,1
インシデント改修確認グループ1,1
インシデント改修確認グループ3,1
事業部・ブロック,1
CC事業部,1
BPO部,1
情報システム・セキュリティグループ,1
キャピタルパートナーシップ,1
Team3,1
４：１段部,1
６：３段部(課・担当),1
PJ_AVENGER,1
PJ_PJ-Corvus,1
活躍度,1
※追加分析用※管理職,1
所属部門（中分類）,1
アグリ個別対応,1
入社年月日（BS開局時詳細）,1
全社（23年対象者のみ）,1
実年齢,1
コード,1
所属3-,1
拠点滞留（3年）,1
2.事業部ごとに、今回研修参加者のメンバーをまとめた前回結果,1
7.事業部ごとに今回研修参加者自身とそのメンバーを除いた「課長/課長代理・UL/主任」の全体結果,1
9.今回研修参加者を除いた「部長/副部長級」をまとめた全体結果,1
11.事業部ごとに今回研修参加者を除いた「部長/副部長級」をまとめた全体結果,1
Job Tittle,1
JobGrade,1
社歴（通算）,1
部下有無,1
プロフェッショナルグループ（※選択しないで下さい）,1
在宅・サテライトオフィス等の活用度[3ヶ月平均],1
group,1
扶養状況,1
組織/大分類,1
組織/小分類,1
所属店舗・チーム,1
統括G,1
課・室・営業所,1
入社形態※最新,1
雇用形態※最新,1
部※最新,1
本部別,1
部門②※最新,1
階層４a,1
役職a,1
社員区分（コース）a,1
FS対象属性①,1
FS対象属性⑤,1
NEW,1
ソーシャルスタイル別,1
役職/役割別,1
チーム1,1
アクションプラン担当者,1
組織開発系研修,1
DXWG,1
Dept_22/10,1
資格等級②,1
3分間コーチ,1
経営会議,1
課修正,1
支援本部,1
公募・ジョブチャレ経験者,1
旧本部・事業部・センター,1
部内室、営業事務所,1
事業所・事業場,1
組合区分,1
組織サイズ（まとめ）,1
2022年10月の人事評価ランク,1
旧人事コース,1
1.Position,1
4.Education,1
6.Branch,1
Position/Job Rank(分析用）,1
セメントグループ分け,1
在職/退職,1
（ＬＶ２）,1
（ＬＶ９）,1
部署・課・チーム,1
有給取得状況（年間取得率）,1
入社年月日（5年ごと）,1
業務名称,1
本社・支店・事業部,1
役職(部長・課長・係長・一般・再雇用・パート）,1
マーケティング本部（事業推進除く）,1
役割コース,1
休日出勤（累計時間）,1
所属（事技G・係）,1
年次有給休暇取得率,1
2023年度評価（給料改定指標）,1
昨年度新卒,1
新任グループ長,1
事業推進室,1
タイ事業戦略室,1
総務法務部,1
組織活性化研修 参加者フラグ,1
組織（店舗・チーム）,1
現所属での業務経験,1
人事考課(直近),1
適性検査(言語・論理),1
GATB(形態),1
フォーカスサーベイ実施用属性,1
年齢（5歳単位）,1
入庁年度（5年単位）,1
年次（5年単位）,1
年次（1年単位）,1
25年度_転籍,1
経営陣,1
主とする仕事場,1
3／20時点所属,1
3／20時点SSV,1
統括本部・統括部,1
正社員期間,1
正社員経験,1
組織（課・Ｇ）,1
Div．,1
会社滞留基準日（年）,1
原籍会社滞留基準日（年）,1
資格滞留基準日（年）,1
子供有無,1
職能1,1
事業部・店,1
兼務所属部署,1
グループ／チーム,1
部門サブ,1
組織レイヤー2,1
事業本部／室／センター,1
事業部／室,1
勤続年数（5年）,1
56期異動,1
担務,1
20021年4月の人事評価ランク,1
サーベイ対象区分,1
管理職研修参加5名,1
課・室・営業所・グループ,1
組織機能,1
任用形態,1
LMG入社年,1
所属部署D,1
【東急電鉄】年代,1
【東急電鉄】現部署滞留,1
Japan Market Unit,1
前回評価,1
コース(2分類),1
管理職/一般社員,1
入社時期(直近5年),1
入社年（3年ごと）,1
年俸,1
直近評価,1
役職・職階,1
アクションプラン判定,1
D企画業務推進部,1
（組織階層0）会社,1
（組織階層2）部・室・ユニット,1
（組織階層4）事業会社,1
（組織階層6）部・室・ユニット（事業会社）,1
グループ所属員/NS,1
社員区分（RtMJ）,1
ファーカス用属性,1
本部/統括室・支社,1
評定区分,1
日本通運職位,1
部門/支店名,1
レーティング別組織,1
採用時区分,1
HD移行部署,1
本務所属名大,1
入社時学歴区分名,1
年代(比較用）,1
勤務地２,1
本社・販売所,1
25メンター,1
居所（組織１）,1
Department 2,1
属性別分析-1,1
属性別分析-2,1
社員区分詳細,1
居所（組織３）,1
テスト（○で回答）,1
支店OR支社名,1
役職（代理を含む）,1
事業部子会社,1
ミッショングレード,1
部署・グループ,1
入会日,1
入社時期(正社化),1
統括本部_19年5月,1
部・室_19年5月,1
チーム_19年5月,1
店舗経験,1
部室・工場,1
試行時マネージャグループ（※選択しないで下さい）,1
グループC,1
グループD,1
グループE,1
事業部　本部,1
C×P,1
所属部門２,1
25期上期Div・室,1
25期上期ｸﾞﾙｰﾌﾟ,1
新しいテスト,1
家族構成１,1
直近の異動,1
在宅率,1
勤続年数（202102）,1
2110分析用,1
メンターメンティー,1
2022年上期定量測定,1
課・室・チーム・グループ,1
職業分類,1
Sub Department,1
Tenure (per 1.0),1
Age(per 10 years),1
昇格者,1
室・センター（所属）,1
役職者区分,1
ILP受講,1
歳,1
２・３ 理念伝承チーム,1
事業所部室,1
25リクルーター,1
役職（１）,1
役職（３）,1
東京機械センター,1
大阪機械センター,1
四国機械センター,1
九州機械センター,1
役員管轄,1
D＆I課,1
Job Title(削除),1
Gender(削除),1
Age(削除),1
Race(削除),1
Marital status(削除),1
BRIDGEキャラクタライズ,1
管理職研修_役割,1
CXOランチ,1
Perf,1
営業支店,1
直近5年以内入社,1
土建区分,1
Creation,1
Class,1
採用応募区分,1
Designation,1
入社前のアドテク経験,1
事業部等,1
主役割,1
組織の管掌別,1
新規部署,1
WITH HARAJUKU HALL,1
所属本支店,1
コロナ在宅勤務日数,1
Business Title,1
Hire Date,1
部署階層3,1
子どもの有無,1
RP経験,1
その他組み分け２,1
組織50：支店/部門,1
組織６：代表課,1
課・営業所①・出張所①・工場・技術センター,1
出張所②・作業所①・基地・事務所,1
11月の平均出社頻度,1
(確認用)所属6,1
新組織：部/室（2022/05）,1
【入社時】CONS：ESP,1
【入社時】IT：SPI：持続性,1
【入社時】IT：SPI：慎重性,1
BU,1
管理職職層(詳細),1
ライン・チーム,1
分社_,1
事業部・本部_,1
在社歴年数,1
部署異動有無,1
階層１,1
階層２,1
本部サブ1,1
(LV3)本部,1
(LV6)課,1
(LV8),1
直近の業績評価,1
次世代幹部研修メンバー,1
ミナシゴ,1
VV,1
新組織(202406~),1
工事長区分,1
部署-第二階層,1
部署-第四階層,1
入社年（統合）,1
組織タイプ,1
ローテーション,1
事務局フラグ,1
等級詳細,1
被出向者/プロパー区分,1
部門・セクション2,1
社職区分,1
職位（役職）,1
資格名称（詳細）,1
現地,1
Ti,1
自分に影響を与えた国,1
Zone（廃止）,1
主な業務,1
担当クライアント,1
所属部室,1
ジクシスでの勤務開始,1
メンバー区分,1
センター・チーム等,1
スタッフ,1
調整用,1
勤続年数（旧）,1
課（担当）,1
OKRチーム,1
Language,1
管轄（キャスト）,1
グループ(メンバーのみ),1
プロジェクト参加可否,1
プロジェクト６,1
プロジェクトO365,1
新・所属,1
校舎名①,1
インターンチーム,1
研修生配属先,1
職位（ｻｰﾍﾞｲ用）,1
支社名,1
部（運用）,1
その他組み分け５,1
ステイタス,1
部署2（兼務者含む）,1
資格別,1
課_,1
部②_,1
BU・センター②_,1
TTP平均送信,1
TTP平均受信,1
1on1FB率,1
管理用組織２,1
階層別責任者,1
竹橋本社,1
ソリューションズ・本部,1
入社時期（大分類）,1
2022所属,1
コミュニケーションクラウドフラグ,1
分析軸A,1
異動日,1
海外勤務,1
その他属性追加２,1
特性別,1
全体結果（NSS除く）,1
課(詳細),1
上位所属名称,1
性別（派遣社員除く）,1
26リクルーター,1
総務法務本部,1
グループDX本部,1
web回答者,1
役職群,1
係相当格(直属),1
事業部相当格(直属),1
ＢＵ・センタ相当格(直属),1
班相当格(直属),1
部署（カンパニー）,1
等級Grade,1
入社時期Hire date,1
TOEIC Score,1
年齢Age,1
統括ユニット,1
ゾーン,1
事業所（親）,1
現役職経験年数,1
エンティティ,1
チーム毎,1
年齢(2018.01),1
チーム(2018.02),1
役職（2017.12）,1
等級（2017.12）,1
部・課(2017.12),1
クラス(2017.12),1
課（2017.12）,1
階層（2017.12）,1
出向（2017.12）,1
年齢（2017.12）,1
資格（2018.01）,1
階層別(2018.01),1
入社経緯別(2018.01),1
分析用属性03,1
部非該当,1
転勤区分その他,1
所属部門１（QR回答除く）,1
Head quarter,1
ブロック・部,1
本部（部長以下）,1
組織/大分類2,1
属性テスト,1
直近の働き方,1
事業部（分析用）,1
旧）グループ,1
旧）年齢層,1
等級(退職者除く),1
役職(退職者除く),1
性別(退職者除く),1
プロジェクト2（複数ある方は複数回答お願いします）,1
グループ（リーダー以下）,1
部（メンバーのみ）,1
本部（マネージャー）,1
新規属性（2021年6月）,1
組織／大分類（退職者除く）,1
勤務スタイル,1
入社年次(半期）,1
MKTG,1
室/部,1
小チーム,1
出向年度,1
大塚テスト,1
年間行動評価,1
グローバル人財,1
Ph,1
組織（大分類）,1
非組織属性G1,1
資格手当制度利用有無,1
半年の昇降格,1
CSチャレンジ有無,1
部門・管掌,1
本社区分,1
ＴＤＳ入社時形態,1
現在の主な職務内容,1
現在の職務での主な顧客,1
プロジェクト4,1
【東急電鉄】勤続年数,1
（Ｓグループ）勤続年数,1
部署（支社・部）,1
新属性2,1
事務局ラベル1,1
他社出向区分,1
課長発令日,1
部（階層上位）,1
女性営業交流会,1
部店コード,1
保険ショップ事業一体化,1
部・室・店・営業所,1
現部署在籍年数,1
資格のみ,1
Occupation,1
Joining Period,1
本社・本部,1
ＢＵ・センタ相当格2,1
ユニット (チーム),1
会社／本部,1
部もしくは局,1
所属グループ（主務）,1
部署３,1
担当グループリーダー,1
職位ランク,1
課・室・局,1
組織（本部/室）,1
組織（事業部/エリア）,1
組織（課/店）,1
組織（チーム）,1
新職種分類,1
執行役員区分,1
出勤状態,1
チーム（2022年4月-）,1
Department/Unit,1
他社出向経験者,1
事業所(本社詳細),1
入社時社長,1
本支店営業所,1
部内部,1
分室・駐在,1
組織階層7,1
有給取得日数,1
組織役割等級,1
課支社,1
情ソリュシフト分析1,1
分析用_2,1
タレマネ,1
現組織階層１滞留歴,1
箇所内詳細（２）,1
現業／非現業／指令,1
選抜研修生,1
本部（中/日）,1
課（中/日）,1
上司CD_本部長,1
S１除く組織結果,1
兼務①アジェンダリーダーグループ,1
部門略,1
パートタイマー入社時期,1
社員年齢層,1
Chapter,1
キャリアレベル,1
プロジェクト・グループ（退職者含む）,1
人事管理区分,1
当年年休取得時間,1
学びの休職,1
MY choice研修,1
業務での越境,1
学びでの越境,1
DHIT,1
想定年収変動,1
投資公司,1
人財育成課 ＆ 総務・経理課,1
S1/YAKITORI,1
管理職育成PJT_部下（重複回避）,1
離職アラート,1
大阪ガスケミカル,1
研修参加者（LM作成）,1
バーチャル組織（防災市場技術課　A係）,1
バーチャル組織（防災市場技術課　C係）,1
เพศ / Gender,1
สาขาที่ใช้ยื่นสมัครงาน / Major for job application,1
สาขาที่เรียนล่าสุด / Latest major,1
สถานะภาพปัจจุบัน / Current status,1
อายุบุตรคนที่ 1 / Age of the 1st child,1
เพศของบุตรคนที่ 3 / Gender of 3rd child,1
プロジェクト　部署,1
休日出勤の有り・無し,1
職責／職能,1
サーベイ経験,1
CM,1
等級コード,1
ユニット_22,1
演者,1
セクション・グループ,1
事業部、チーム,1
部門別リーダー,1
動物,1
EG顕性,1
(さかえ)生年,1
育成プログラム,1
BiC在籍年数,1
サステナ兼務,1
MI推進チーム（NVC森下）,1
EES-PMO,1
NMP,1
電動PJセクション,1
課・ﾁｰﾑ,1
本部/会社,1
課/係,1
9カテゴリ,1
生まれ年度（5年刻み）,1
事業部Ｇ,1
アジェンダリーダーグループ,1
公募部門名,1
在宅勤務区分,1
2次上司(ワークフロー),1
グループ階層,1
PJ_RAIJIN,1
教室名,1
Webサービスチーム,1
内外勤手当区分,1
2022年度部門,1
キャリトーク,1
高ストレス者,1
所属第一階層,1
所属第二階層,1
22年サーベイ結果比較用,1
店番,1
地域ブロック（小）,1
営業統括部・SH建築統括部,1
部・営業部・建設所,1
担当/グループ名,1
定年延長,1
組織運営上の役割,1
有給消化率（直近1年）,1
兼務（広報・ブランディング推進室）,1
兼務（開発推進二部）,1
サンプレ送付＋受取枚数,1
サンプレ送付枚数,1
部店在籍年数,1
前年自己申告希望有無,1
兼務（経営企画部）,1
Management Team,1
部門・事業部,1
年齢(年代),1
所属2（部・営業所）（追加設問用）,1
人事部門（追加設問用）,1
出向者,1
妻(夫)の就業形態,1
送配電分析追加①,1
Seniority of the current position,1
入社年度（1年刻み）,1
MIチーム（兼務含む）,1
新規顧客開発チーム（兼務含む）,1
ブロック・グループ,1
工場（生産部）,1
クラス役職,1
ジョブレベル,1
学歴及び就学状況,1
所属店舗／工場,1
中途入社/受入区分,1
本部(21/3/31),1
部(21/3/31),1
事業または開発,1
所属L1,1
所属L2,1
所属L4,1
劇場/室,1
部下 (率直直言型) - 上司 (交渉取引型),1
校種,1
親属性G,1
本部／室,1
仮属性,1
部室長ｸﾗｽ,1
SV,1
②第二階層（部門）,1
④第四階層（部/室/ｶﾝﾊﾟﾆｰ）,1
本部/事業部/グループ（HD）,1
労基署別勤務地,1
L1営業所,1
費目,1
チーム（2021年11月-）,1
店等,1
本支社,1
職種（部門）,1
※以下今回不使用属性,1
性別（各社共通）,1
入庁時期,1
組織_JPO新潟鉱業所各グループ,1
組織_事業所課,1
マネジャー,1
外勤女性,1
チーム・エリア下階層,1
管・土・建区分,1
主任副主任研修,1
給与レンジ,1
健康管理センター,1
課/セクション,1
チーム/担当,1
主職種,1
"出身会社(UCOM,MAS,TNC）",1
総務部再集計,1
センター・室,1
HT割合,1
部/支店/営業所,1
部（室）・グループ・スタジオ,1
役割（職種単位）,1
人事考課_賞与（夏）,1
経営幹部育成PJT_参加者,1
直近入庁者,1
業務ライン,1
依願退職,1
チーム役職（福岡）,1
チーム（福岡）,1
年齢（age）,1
室部店所・出向先,1
主な作業場所,1
マネージャーＧ,1
店舗毎,1
店・課,1
課・エリア,1
チーム階層１,1
小学生以下のお子さま,1
⑪等級,1
過去3年考課ポイント合計,1
内勤・事業部,1
人物ランク,1
分析用（2021年7月）,1
役職（共通）,1
部/本社/支社,1
事業部・事業所,1
部長6,1
部長7,1
資格②,1
パートナーズ事業部区分,1
Seniority,1
FMI(2023年2月時点),1
その他①,1
成果評価,1
前年基本評価,1
前年成果評価,1
事務部,1
事務室,1
経営企画,1
Ev_B,1
小規模営業所,1
業務役,1
事業企画（企画職）,1
年収（2023年）,1
部門5,1
役職ランク,1
同行有無,1
新任・既存管理職,1
新職種,1
事業部他,1
成果業務・遂行評価,1
有給取得率,1
作業所・非作業所,1
職務範囲,1
事務局確認用,1
役職（2025.6実施）,1
子女（小学3年生まで）,1
ﾁｰﾑ・店舗,1
会社名(未使用),1
本社 × 部,1
本店/支店,1
3,1
Seniority (Length of working)Delete,1
Commuting methodDelete,1
入社媒体,1
所属支社,1
GRP,1
類人猿,1
入社・雇用形態,1
入社時期・出向常駐含,1
運営法人名,1
マネージャーG,1
部（FY19）,1
管理グループ,1
メンター,1
住友化学からの出向者,1
部下タイプ,1
等級/役職,1
Job Level,1
会社 ※出向者の方は出向先を選択,1
支援頻度,1
支援先,1
種類,1
SD室在籍期間,1
ユニットメンバー区分,1
等級在籍年数,1
Div.（2021年11月-）,1
従業員区分別,1
職掌別,1
チーム（メンバーのみ）,1
就労先,1
2020年度下期業績評価,1
2019年度下期業績評価,1
2019年度上期業績評価,1
ユニット／グループ,1
管理コード,1
役クラス,1
客先常駐か否か,1
部門（グルメ和光）,1
チーム（2022年11月-）,1
その他組み分け８,1
その他組み分け１１,1
その他組み分け１４,1
その他組み分け１５,1
その他組み分け１６,1
定期採用者・キャリア採用者,1
転籍者・転籍者以外,1
Employee type,1
組織略称（セグメント）,1
重要組織長区分,1
新卒受入日,1
その他組み分け１９,1
所課(メンバーのみ),1
役割系統,1
所属（本部・営業店）,1
所属部店,1
係・グループ①　※「該当なし」は使用しないでください。,1
支社組織（串刺し集計）,1
日本語可能可否(回答者選択),1
出退勤所要時間(回答者選択),1
出退勤手段(回答者選択),1
雇用形態（商事）,1
旧コース,1
販売詳細/内勤区分,1
部・事業所,1
①経営幹部候補-N1,1
園・センター等,1
資格等級GRP,1
チーム/グループ,1
勤務シフト,1
現職の勤続年数,1
管理人数,1
【関連会社還元用】プラグ２（FFG⇒関連会社出向者）,1
【関連会社還元用】プラグ3（ZDF、コンピューターサービス、Succession）,1
福岡銀行営業統括部グループ,1
クリニック,1
Team4,1
支給区分×年代,1
所属組織3,1
前回職階,1
個別確認,1
個別確認（品質管理部）,1
事業セグメント,1
2018年度社員旅行,1
業務開始時期,1
ポケモン制作グループ,1
マネージャー道場,1
働き方改革推進課,1
情報システム部,1
受託事業本部,1
課・チーム2,1
直属の上司,1
現役職の在任期間,1
入社形態（東芝Ｇｒ．入社形態）,1
三段部（グループ）,1
組織/小分類2,1
エリア（地方）,1
GAPS採用区分,1
新卒グループ,1
中途,1
2014年,1
2017年,1
2019年,1
候補メンバー,1
部署名 組織階層２,1
部署名 組織階層４,1
社籍,1
旧旧部署（2020年10月）,1
Gulliver_Auto店_001,1
(さかえ)役職,1
(さかえ)入社年,1
直営ランク,1
課・グループ/子会社,1
PJ_MSC,1
PJ_ORANGE,1
メカスマチーム,1
職位等③,1
マネジメント階層,1
共創PT,1
退職理由（大項目）,1
PF区分,1
基礎評価,1
CS等級,1
G-000002,1
G-000006,1
チーム・営業所,1
部署（兼務）,1
所属名称（第三階層）,1
所属名称（第一階層）,1
地元配属,1
在職状況,1
グループ・工場・チーム・エリア,1
階層（職能等級）,1
海外現地法人,1
ストア用,1
2nd組織×グレード,1
ユニットB,1
海外赴任有無,1
Category,1
入行区分,1
任意組織,1
業態別,1
既婚 / 未婚,1
統括グループ,1
Employeement Type,1
State,1
入社形態（SWCCのみ）,1
国籍（SWCCのみ）,1
所属1（本部）,1
所属事業本部（事業所）,1
部門5（予備）,1
役員研修参加者,1
グレードⅣ研修参加者,1
Pioneers,1
社,1
チーム（兼務者含む）,1
出向先区分,1
役割資格区分,1
チーム・業務【2024年4月サーベイ実施時】,1
役職【2024年4月サーベイ実施時】,1
THM参加,1
在退区分,1
雇用形態（分析）,1
学卒区分,1
課（グループ）,1
前回組織,1
ES部在籍歴,1
ルーツ,1
結婚有無,1
未婚既婚,1
在宅勤務平均日数,1
主な就業場所,1
所属Dept,1
チーム/プロジェクト,1
結婚歴,1
所属期間2,1
福岡Lab,1
役職 *vice含む,1
L1,1
L1.5,1
L2,1
今期の新卒フラグ,1
キャスト区分,1
期待,1
MI4,1
kenta1,1
kenta2,1
kenta3,1
旧経管PS/BMチームごと,1
グループ／ユニット_メンバー,1
部・室・グループ,1
働き方Type,1
GL区分,1
事業部/室/事務局,1
(削除予定)ブロック,1
役職Grp,1
社内等級,1
所属階層08,1
未来の役割,1
ＬＤ区分,1
エリア・事業所,1
社員種別名,1
組合名,1
事業本部（202303削除）,1
所属ユニット(2023年3月時点),1
上司の変更,1
事業所（孫）,1
課・支店・出向など,1
部門別一覧,1
その他組み分け04,1
定過区分,1
社員区分（採用形態）,1
役職名称_JNV,1
店支部,1
店支部年齢（5歳刻み）,1
センター等／部（支店・支社）,1
SMJ-直轄）職種,1
SMJ-BS）職種,1
SOSS）職種,1
SMJ-HS）担当,1
MOP,1
現職役職名,1
現職種名,1
現職種名②,1
社歴グループ,1
チーフ,1
PC貸与,1
在宅,1
組織70：グループ,1
組織３０：統括部,1
支店・拠点,1
Band区分,1
前職1,1
前職3マネジャー経験,1
部、室,1
全体データ,1
事業分類,1
新任Mgr,1
出向受入区分,1
リリーステスト,1
自治体SNSサービスメニュー企画,1
ベアミネラル,1
【x】新規属性グループ,1
2022年下期定量測定,1
志向,1
室・局（組織図の最上位）,1
職域区分,1
新所属,1
B01店社名称,1
B01所属名称,1
A04国籍名称,1
A07国籍名称,1
キーマン,1
統括部・支店・事業部,1
メンバーマネジメント,1
分析軸5,1
目標,1
組織診断サーベイ実施回数,1
役割区分－２,1
異動希望（直近3回の状況）,1
営業本部・駐在,1
ワークスタイル区分,1
専門職能資格,1
NEC,1
IISE/ NEC,1
年齢バンド,1
部・事業部・拠点・出向先,1
部・室・課・グループ,1
製販区分,1
ネクストチャレンジメンバー,1
所属組織レベル3,1
所属組織レベル4,1
営業地域,1
パートタイマー入社年,1
部（部署）,1
響灘火力発電所,1
支社・部,1
組織１,1
チーム・グループ・担当,1
本部・支店・支社・学園・長付,1
ラポールWS,1
MNB還元資料「プロパー＋出向者」グループごとスコア,1
深夜業制限,1
出向PJT,1
時間外（直近8ヶ月）,1
前年度の残業時間,1
担当サブリーダー,1
コア,1
入社企業,1
鉄道事業本部・担当②,1
鉄道事業本部・担当③,1
Field,1
ユニット名／部,1
部署別３,1
シニアG統括部名,1
部署（その３）,1
本部・管掌,1
局／グループ,1
部門（大）兼務以外,1
評価用２,1
立場,1
職種①,1
労働組合加入,1
所属コード1名,1
所属コード2名,1
所属コード3名,1
役員会議,1
未使用_チーム,1
未使用_年代,1
Tech,1
職能3※職能が3つある場合,1
新卒詳細,1
雇用形態②,1
課・Ｇｒ,1
ユニット名(組織長含む),1
会社2,1
組織（部・事業部）,1
組織略称（事業部・部・室）,1
資格名称・役割等級,1
プロジェクト_OQM/OAM,1
プロジェクト_Cueb(CMS),1
プロジェクト_河合塾新指導要領PJ,1
社長フラグ,1
部門１(組織長を除く),1
部(22入社除く）,1
課(22入社除く）,1
役職(22入社除く）,1
A01４／１年齢,1
前年度比較用,1
スクラム,1
ゾーンレベル,1
ｴﾘｱ,1
23年1月17日点回答者,1
課（チーム）,1
管理職・管理職以外,1
年齢（3年単位）,1
業務所属名称,1
SWB出身行名称,1
就労滞留基準日（1年刻み）,1
出向転籍企業名,1
AGグループ,1
PGグループ,1
現在部署在任期間,1
所属第六階層(掛),1
メリハリ,1
部・室・センター,1
考課結果（前回）,1
エンジニアリング区分,1
Ｍ級内訳,1
所属部門（大分類）,1
制度×所属,1
障がい者手帳保有者,1
居住地（エリア）,1
役職_Job title,1
性別_Sex,1
年齢_Age,1
２・３チーム,1
課（階層下位）,1
課（階層上位）,1
組織（階層1）,1
組織レベル3,1
組織レベル5,1
事業形態,1
やりがい・意欲,1
職務適性,1
現職務の変更希望,1
係_,1
フラグ3,1
会社名  (Company),1
年代  (Age),1
現主務部署所属時期,1
GPフラグ,1
新卒・中途フラグ,1
事業分野,1
主務,1
エリア。部門,1
「営業所」,1
63期新組織,1
資格級（まとめ）,1
本部・ブロック・グループ会社,1
日本語人材,1
T,1
本部・機能別本社,1
チーム１,1
職群・等級,1
パフォーマンス別,1
レベル3,1
職群・雇用形態,1
SV担当,1
入社経緯別,1
性別（2017.09）,1
役職（2017.09）,1
組織(2017.09),1
入社時期(2017.09),1
採用区分(2017.09),1
性別(2017.10),1
原籍(2017.10),1
事業部・統括部,1
中途、新卒,1
役職区分A,1
建家,1
休職退職,1
選択,1
所属-2,1
人事系,1
障がい者雇用,1
部・グループ・室,1
新等級E,1
Dept&Team_1,1
従業員コード,1
役割・業務変更,1
前回在籍状況,1
年間順位(2021年)※チーム加点有,1
2021年度部門,1
職種：小分類,1
組織メンバー,1
2022年3月以前入社者,1
年代10,1
（MCE）中途入社オンボーディング,1
職種区分2,1
職種区分3,1
雇用形態2,1
自由設問集計用属性,1
事業部相当格１,1
採用地域,1
年齢（分析用）,1
工場（電極）,1
課・研究室・グループ,1
ER別,1
営業所・支店,1
BIZARX,1
CC1部,1
ZENB AGENCY,1
第二局,1
ZENB HOLDINGS,1
Grp経営管理本部,1
コンプライアンスグループ,1
財務・経理グループ,1
オネスティ,1
人材派遣事業部,1
総合職/一般職,1
事業所滞留年数,1
帰省先,1
中途系（採用区分）,1
出向系（採用区分）,1
採用区分②,1
管轄役員,1
管理職/一般職,1
１：全社,1
２：統括／事業領域,1
８：工程他,1
ＰＣ・職分,1
PJ_Perseus,1
本課,1
集約グループ,1
前回サーベイ対象,1
事務局フラグ（部門間）,1
Age group,1
PT所属,1
マネージャー区分,1
支店・部・室,1
所属1-,1
所属2-,1
拠点滞留（半年）,1
拠点滞留（1年）,1
分割,1
12.事業部ごとに今回/前回研修参加者を除いた「部長/副部長級」をまとめた全体結果,1
Office Location,1
Marriage Status,1
Current Living District,1
GJ／GI,1
SaralyGrade,1
組織在籍期間,1
旧部署（2018年10月まで）,1
主所属エリア,1
役職（※選択しないで下さい）,1
直近残業時間,1
組織志向と仕事志向ではどちらがよりあてはまるか,1
CO,1
給与,1
入社(転籍・合併前含む）,1
CC（役職区分）,1
部・室・センター・支社,1
役職※最新,1
性別※最新,1
部門※最新,1
予測対象,1
性別a,1
詳細,1
FS対象属性②,1
FS対象属性③,1
チーム2,1
チーム3,1
IS新卒のみ,1
リンカーンPJT参加者,1
ti所属,1
本部レベル,1
部レベル,1
統括部レベル,1
資格保有,1
等級_資格等級A,1
役職（2022.12実施）,1
コース（2022.12実施）,1
組織滞留年数（まとめ）,1
7.Division,1
工場・店舗,1
TYPE変更後の勤続年数,1
（ＬＶ３）,1
本部（本部長単位）,1
出向状況,1
再雇用,1
追加分析用,1
部支店長／ライン長／非ライン長（兼任）,1
チャネル区分,1
勤務形態（N・R）,1
育休取得,1
SP転向,1
人事労務部,1
旧社員分類・Stage区分,1
フォーカス用（個別設定用）,1
満足度(業務量),1
適性検査(EQ能力),1
GATB(書記),1
職種（商事）,1
生年月日（1年単位）,1
入庁年度（10年単位）,1
入庁年度（1年単位）,1
年次（10年単位）,1
現所属の在籍年数（1年単位）,1
住所地,1
介護の状況,1
前回サーベイ回答対象,1
パートナー就任時期,1
入社区別,1
入社年度・形態,1
結婚の有無,1
間接機能,1
所属チーム･センター,1
Gp,1
時短（3月末時点）,1
所属①（部・課）,1
所属②（施設）,1
その他区分,1
現会社における就業年数,1
現在の業務内容,1
複合ユニット,1
チーム/課,1
プロダクト2,1
組織レイヤー3,1
海外居住経験,1
ディレクションライン,1
個別職種,1
5Gエンターテインメント,1
全体※1名除く,1
組織80：課内チーム,1
kenta4,1
クレジット・リース本部課内グループ,1
Green Flag Project参加有無,1
所属階層03,1
所属階層05,1
大パ管理職除く,1
働き方区分,1
中途社員社歴,1
本部付/ユニット付,1
チーム（23年3月組織変更後）,1
2023年1on1コーチング_第1クール,1
2023年デジタル広告研修,1
統括本部・部門,1
部・室（本店）／支店・支社,1
現業機関・工事機関,1
支給区分,1
部下,1
資格（所属先）,1
チーム・営業所（課長除く）,1
部（本社）・支店,1
本部・工場,1
年齢(10年刻み),1
事業本部／関係会社,1
総合職区分,1
鉄道職責,1
その他（２）,1
KK（HD移行部門除く）,1
事業所（小分類）,1
本務所属名中,1
定非区分名称,1
スチールグループ分け,1
コメント用業務内容,1
業界経験の有無,1
柱,1
部・Unit,1
勤続年数 ※グループ会社間で出向や転籍をされた方は、元の会社に入社した時からの通算で回答して下さい,1
イオン北海道,1
研究室,1
部門（工場),1
部小,1
事業部・統括,1
Position 1,1
入社時期（合併以前）,1
法人格,1
クロス追加,1
BL・部門,1
新規テック,1
部内室・グループ,1
局/室,1
会社_19年5月,1
本部_19年5月,1
ユニット_19年5月,1
Gｒ,1
グループB,1
24期下期Unit,1
地域国 (For IB team),1
代表取締役・経営企画室,1
課(事業所),1
所属（課・機関）,1
家族構成２,1
統括/工場,1
PC,1
エンジニア種別,1
社内Prj,1
VCP,1
役割_聖心美容クリニック,1
2021年1on1コーチング,1
Staff,1
トレーナー,1
課/ｾｸｼｮﾝ/ﾁｰﾑ,1
2022年下期研修①,1
転籍,1
まごころ学校,1
Branch office,1
Tenure,1
チーム（G内）,1
自動採番なし,1
雇用区分（社員区分）,1
選抜研修,1
部・エリア,1
室・現場・出向等,1
不動産部,1
グレード滞留年数,1
当年度新入社員区分,1
評価（2022年度）,1
クラス（詳細）,1
２・３ 社会人デビューチーム,1
新任マネージャー研修,1
EN1-グループ,1
グループ会社,1
国・地域,1
役職（２）,1
本社管理部門,1
出張所・各種センター等,1
所属（組織１）,1
本庁・地方,1
総務・経理課,1
マーケティングBtoB女性,1
本社（技術）/支社（技術・法人）/ブロック,1
店舗全体,1
組織（グループ2）,1
労働時間制約,1
送配電分析追加③,1
係・チーム,1
アビスト,1
バーチャル組織（住宅システム事業( BU横断)）,1
Dep,1
Job Grade(削除),1
Joining period(削除),1
管理職研修_部下,1
本店・本部,1
キャリア・マネジメント開発研修,1
現役割の滞留年数,1
Competency,1
Career Track（職種）,1
Career Level（等級）,1
前回回答の有無,1
職種名称（営業推進考慮）,1
幹部候補,1
正臨区分,1
事業会社相当格１,1
社会保険,1
時給,1
周辺時給,1
事務局/事業局,1